Top queries,Clicks,Impressions,CTR,Position
agrello,5853,10158,57.62%,1.2
käsundusleping,590,15892,3.71%,6.69
käsundusleping maksud,518,2604,19.89%,4.68
agrello oü,314,772,40.67%,1.13
litsentsileping,179,946,18.92%,2.2
mis on käsundusleping,134,878,15.26%,3.81
teenuse osutamise leping,106,1541,6.88%,3.57
pades,85,32591,0.26%,6.95
krediidileping,70,293,23.89%,1.2
frantsiisileping,66,399,16.54%,2.4
käsunduslepingu maksud,57,467,12.21%,5.55
asice to pdf,52,2285,2.28%,9.79
agrello software,51,158,32.28%,1.01
töölepingu seadus 2025,46,973,4.73%,5.6
töölepingu näidis,40,2443,1.64%,6.07
käsundusleping kes maksab maksud,36,234,15.38%,5.9
töövõtuleping näidis,34,1131,3.01%,3.04
uue töölepingu näidis,33,492,6.71%,4.13
asic to pdf,32,360,8.89%,5.38
pdf to asice,31,644,4.81%,5.26
töölepingu põhi,28,453,6.18%,5.88
pades signature,27,2881,0.94%,6.78
asic container,27,763,3.54%,3.97
tööleping näidis,21,1052,2%,6.13
darba līguma paraugs 2025,20,79,25.32%,3.24
digitaalne allkirjastamine,18,4822,0.37%,6.68
asic-e,18,1113,1.62%,6.08
töölepingu lõpetamine katseajal näidis,18,1095,1.64%,2.28
toomas pihl,18,183,9.84%,3.95
lepingu koostamine,17,741,2.29%,4.66
digitaalselt allkirjastatud dokumendi näidis,17,593,2.87%,1.15
dokumendi allkirjastamine,16,845,1.89%,5.81
digiallkirjastamine,15,2449,0.61%,12.4
sop full form,15,769,1.95%,2.02
darba līgums paraugs 2025,15,112,13.39%,3.77
asic signature,14,227,6.17%,2.78
töölepingu seaduse muudatused 2025,13,208,6.25%,7.67
uus töölepingu seadus 2025,13,130,10%,7.06
pades digital signature,12,470,2.55%,5.3
liisinguleping,12,251,4.78%,4.13
agrello crypto,12,183,6.56%,3.05
pdf to asice converter,12,152,7.89%,6.69
dokumentide allkirjastamine,11,288,3.82%,5.17
töölepingu blankett,11,273,4.03%,6.99
dokumendi digiallkirjastamine,10,1662,0.6%,8.92
allkirjastamine,10,1498,0.67%,6.42
smart id allkirjastamine telefonis,10,727,1.38%,6.49
käsundusleping что это,10,368,2.72%,10.84
digiallkirjastamine telefonis,9,1279,0.7%,12.65
digitaalselt allkirjastatud,9,1059,0.85%,2.16
what is digital persona,9,597,1.51%,5.86
töölepingu näidis 2025,9,471,1.91%,8.87
digiallkirjastamine veebis,9,298,3.02%,7.92
töölepingu seaduse muudatused 2026,9,46,19.57%,4.39
asic format,8,409,1.96%,2.83
võõrandamisleping,8,73,10.96%,2
smart id allkirjastamine,7,2524,0.28%,8.13
digidoc allkirjastamine,7,1004,0.7%,9.79
diia.signature,7,231,3.03%,4.69
lepingupõhi,7,190,3.68%,1.36
asice format to pdf,7,152,4.61%,8.09
käsundusleping puhkus,7,109,6.42%,6.8
harry käsk,7,33,21.21%,1.79
asice file,6,3560,0.17%,9.78
tööleping,6,2469,0.24%,14.52
müügileping,6,857,0.7%,14.44
pades format,6,678,0.88%,5.81
pades pdf,6,376,1.6%,9.23
lepingu näidis,6,329,1.82%,2.72
can chatgpt write contracts,6,200,3%,7.38
parakstīt dokumentu ar smart id,5,1105,0.45%,11.82
agrello dlt,5,745,0.67%,8.28
darba līgums,5,463,1.08%,14.17
mobiil id allkirjastamine,5,349,1.43%,7.08
chatgpt contract,5,226,2.21%,9.06
agrello coin,5,125,4%,7.24
komandējuma rīkojums,5,96,5.21%,5.82
käsundusleping maksud 2025,5,55,9.09%,3.6
digiallkirjastamine smart id,4,1735,0.23%,8.79
digital persona,4,1041,0.38%,52.46
edoc latvia,4,658,0.61%,7.8
tähtajaline tööleping näidis,4,604,0.66%,7.03
what is a digital persona,4,401,1%,4.61
dokumendihaldus,4,401,1%,14.62
chatgpt for contracts,4,391,1.02%,15.28
allkirjasta digitaalselt,4,356,1.12%,6.37
töölepingu sõlmimine,4,202,1.98%,12.86
how to use chatgpt to write standard operating procedures,4,155,2.58%,3.75
pdf.asice,4,145,2.76%,6.64
teenuse leping,4,121,3.31%,6.95
tööseadus 2025,4,118,3.39%,6.75
diia signature,4,111,3.6%,5.23
allkirjastatud digitaalselt,3,2471,0.12%,16.85
asice format,3,1915,0.16%,6.9
digitālā identitāte,3,414,0.72%,21.91
signing contract without understanding,3,361,0.83%,6.02
asic e,3,359,0.84%,5.67
asice file to pdf,3,324,0.93%,9.12
rendileping,3,311,0.96%,25.19
asic-e format,3,284,1.06%,5.38
create sop with ai,3,271,1.11%,7.61
what is pades,3,231,1.3%,2.77
using ai to write standard operating procedures,3,219,1.37%,7.58
european digital identity timeline,3,164,1.83%,4.49
.asice to pdf,3,159,1.89%,8.82
chatgpt legal assistant,3,141,2.13%,3.4
sop organization,3,109,2.75%,14.07
can chatgpt write a contract,3,76,3.95%,2.91
asic pdf,3,70,4.29%,12.47
elektrooniline allkiri,3,69,4.35%,7.3
how to use chatgpt to review contracts,3,40,7.5%,7.25
agrelo,3,37,8.11%,37.95
convert pdf to asice,3,35,8.57%,6.86
käsunduslepingu maksustamine,3,10,30%,2.7
digital person,2,3964,0.05%,4.12
paperless office strategy,2,3743,0.05%,13.93
chatgpt legal drafting,2,1529,0.13%,9.35
persona digital,2,1197,0.17%,6.16
xades,2,1098,0.18%,5.77
xades signature,2,929,0.22%,9.93
tehisintellekt,2,783,0.26%,53.71
digi allkiri,2,744,0.27%,6.94
ai for standard operating procedures,2,729,0.27%,23.2
digital personas,2,667,0.3%,16.31
digitaalne allkiri,2,620,0.32%,6.32
signature pades,2,403,0.5%,31.43
what happens if you sign a contract without reading it,2,392,0.51%,5.17
chatgpt contract drafting,2,364,0.55%,6.41
parakstīt ar smart id,2,356,0.56%,9.03
electronic signature trends,2,356,0.56%,12.24
töölepingu lisa näidis,2,342,0.58%,3.61
chatgpt sop,2,325,0.62%,8.13
dokumentu parakstīšana ar smart id,2,290,0.69%,8.56
kuidas digiallkirjastada telefonis,2,286,0.7%,8.5
dokumendi allkirjastamine smart id,2,253,0.79%,7
pades standard,2,237,0.84%,7.24
töövõtuleping,2,235,0.85%,46.97
i signed a contract without reading it,2,233,0.86%,4.62
elektroniskais paraksts ar smart id,2,232,0.86%,11.26
eidas 2.0 timeline,2,202,0.99%,7.63
chatgpt prompt for standard operating procedure writing,2,179,1.12%,7.89
can chatgpt write legal documents,2,126,1.59%,8.21
rīkojums par komandējumu,2,112,1.79%,6.69
võlaõiguslik müügileping,2,107,1.87%,4.38
how to use chatgpt for legal drafting,2,103,1.94%,9.1
signing a contract without understanding,2,102,1.96%,1.28
eu digital identity wallet timeline,2,96,2.08%,6.84
asic file format,2,80,2.5%,3.69
ai sop generator,2,72,2.78%,4.5
creating sops with ai,2,70,2.86%,8.41
ai contract drafting,2,65,3.08%,3.74
automated sop creation,2,62,3.23%,14.16
best ai for writing standard operating procedures,2,58,3.45%,9.21
tasuta kasutamise leping,2,58,3.45%,9.36
üürileandja kohustused,2,52,3.85%,24.37
pades формат,2,40,5%,6.38
esignature latvia,2,40,5%,19.15
uus id kaart 2025,2,35,5.71%,6.31
ai for writing standard operating procedures,2,34,5.88%,10.35
chatgpt law,2,33,6.06%,4.06
best ai for legal writing free,2,24,8.33%,2.62
ina tepp,2,20,10%,7.95
eu digital identity wallet 2026,2,20,10%,11.8
darba līgums paraugs,2,19,10.53%,17
standard operating procedure template,2,16,12.5%,4.75
scribe sop generator,2,9,22.22%,2.44
best ai for legal writing,2,3,66.67%,3.67
acrello,2,2,100%,1
sign documents online,1,25252,0%,62.27
sign pdf online,1,5112,0.02%,57.88
online signature pdf,1,3046,0.03%,47.77
document automation tools,1,2581,0.04%,49.2
paperless office solution,1,1296,0.08%,62.59
best document automation,1,1214,0.08%,40.76
small business sop,1,1163,0.09%,25.85
eidas 2.0,1,994,0.1%,58.44
digital signature history,1,980,0.1%,14.07
transition to paperless office,1,949,0.11%,21.85
how to transition to paperless office,1,901,0.11%,22.08
eu digital identity wallet,1,895,0.11%,33.64
pdf advanced electronic signatures,1,858,0.12%,9.4
eudi wallet,1,703,0.14%,38.08
history of digital signature,1,588,0.17%,13.13
kuidas digiallkirjastada dokumenti,1,565,0.18%,6.32
.asice file,1,552,0.18%,8.76
kā parakstīt dokumentu ar smart id,1,511,0.2%,8.1
european digital identity wallet,1,504,0.2%,31.79
chatgpt for legal drafting,1,466,0.21%,8.89
digi allkirjastamine,1,457,0.22%,6.26
document workflow management software,1,454,0.22%,66.92
lepingu allkirjastamine,1,439,0.23%,26.36
.asice format,1,396,0.25%,7.37
lepingu haldus,1,374,0.27%,1.11
eu digital wallet,1,327,0.31%,36.13
e signature latvia,1,312,0.32%,20.32
omakäeline allkiri,1,294,0.34%,2.83
eu digital id wallet,1,288,0.35%,20.07
digitaalselt allkirjastamine,1,267,0.37%,4.96
standard operating procedure ai,1,257,0.39%,13.41
laenuleping,1,257,0.39%,31.88
asice file opener,1,239,0.42%,12.91
can chatgpt draft legal documents,1,237,0.42%,6.92
sop chatgpt,1,221,0.45%,7.49
sop chat,1,218,0.46%,6.87
create sop using ai,1,202,0.5%,11.65
sop gpt,1,197,0.51%,7.76
how to become a paperless office,1,197,0.51%,60.43
pades imza nedir,1,193,0.52%,6.75
signing the contract,1,187,0.53%,15.34
writing sop with chatgpt,1,161,0.62%,8.57
expired contracts,1,161,0.62%,10.27
asice document,1,158,0.63%,8.95
kuidas allkirjastada digitaalselt,1,156,0.64%,8.87
environmental impacts of electronic signatures,1,143,0.7%,4.09
pdf pades,1,137,0.73%,8.04
pades imza oluşturulamamaktadır ne demek,1,126,0.79%,8.65
asice file open,1,126,0.79%,16.21
challenges in contract management,1,117,0.85%,40.56
smart id paraksts,1,115,0.87%,13.43
chatgpt for drafting,1,112,0.89%,9.18
digiallkirjastamine smart idga,1,111,0.9%,6.95
eu digital id,1,109,0.92%,35.54
ai to create sops,1,108,0.93%,14.85
digital signature,1,107,0.93%,63.52
digital signature example,1,105,0.95%,15.98
open asice file,1,104,0.96%,17.03
chatgpt,1,103,0.97%,5.02
dms for small business,1,102,0.98%,55.01
pdf signature free online,1,102,0.98%,62.95
dokumendi allkirjastamine telefonis,1,93,1.08%,7.28
uus id kaart,1,93,1.08%,8.05
chatgpt sop generator,1,92,1.09%,13.68
pdf asice,1,88,1.14%,10.73
chat gpt contracts,1,85,1.18%,8.46
kuidas avada asice faili,1,81,1.23%,9.2
digital id europe has been approved,1,77,1.3%,3.61
associated signature containers,1,75,1.33%,4.37
auto rendileping,1,72,1.39%,11.03
best document management system for small business,1,72,1.39%,29.32
ai employment contract,1,67,1.49%,5.99
digiallkirjastamine mobiil id,1,66,1.52%,6.06
töölepingu koostamine,1,64,1.56%,9.16
sop creation,1,64,1.56%,65.22
create sops with ai,1,62,1.61%,11.98
eudi wallet timeline,1,60,1.67%,3.02
digital persona definition,1,57,1.75%,5.6
tooleping,1,57,1.75%,7.63
convert asice to pdf,1,57,1.75%,9.95
koostöölepingu põhi,1,55,1.82%,6.2
ai contract writer,1,52,1.92%,5.62
haldusleping,1,51,1.96%,4.14
"why is it important not to share confidential documents with free ai tools 
like chatgpt",1,50,2%,1
eraisiku töövõtuleping,1,50,2%,10.06
create multiple word documents from template,1,49,2.04%,5.76
write sop with ai,1,47,2.13%,9.38
ai legal drafting,1,46,2.17%,6.2
käsunduslepingu näidis,1,46,2.17%,32.93
töövõtulepingu näidis,1,45,2.22%,12.36
how to create sop using ai,1,44,2.27%,7.91
chatgpt for contract review,1,40,2.5%,20.57
pades-t,1,38,2.63%,6.63
töölepingu vormid,1,38,2.63%,10.87
signature format pades,1,38,2.63%,23.34
pades-ltv,1,37,2.7%,7.32
smart id digiallkirjastamine,1,36,2.78%,6.89
töölepingu erakorraline ülesütlemine näidis,1,36,2.78%,9.92
töölepingu muutmine näidis,1,35,2.86%,5.8
law chatgpt,1,34,2.94%,4.71
chatgpt for law,1,31,3.23%,2.29
lawchatgpt,1,28,3.57%,4.36
electronic signature news,1,26,3.85%,10.12
dlt agrello,1,25,4%,14.68
chatgpt for lawyers,1,22,4.55%,2.23
chatgpt standard operating procedure,1,21,4.76%,6.14
ai to create standard operating procedures,1,21,4.76%,6.81
legal sifter,1,20,5%,3.1
contract drafting software,1,20,5%,8.1
raul vaet,1,20,5%,9.95
chat gpt contract review,1,19,5.26%,18.79
i signed a document without reading it,1,18,5.56%,5.72
ostu-müügileping,1,18,5.56%,44.39
2027 digital id,1,17,5.88%,6.59
ia para contratos,1,16,6.25%,6.5
.pades,1,15,6.67%,5.4
asic-e formāts,1,14,7.14%,3.07
legal ai,1,14,7.14%,5.29
käsundusleping seadus,1,14,7.14%,7.29
kā parakstīt ar smart id,1,14,7.14%,7.93
asic sign,1,13,7.69%,4.15
legal drafting app,1,13,7.69%,6
eudi wallet germany,1,13,7.69%,8.23
asice в пдф,1,13,7.69%,8.54
dokumentu parakstīšana,1,13,7.69%,18.54
wallet eu,1,13,7.69%,36.92
create a contract,1,12,8.33%,4.42
eudi wallet österreich,1,12,8.33%,5.75
ai for contract drafting,1,11,9.09%,3.45
how to create sop,1,11,9.09%,4.18
asic-s,1,11,9.09%,13.27
paperless system requirements,1,10,10%,4.3
padės,1,10,10%,6.3
paraksts ar smart id,1,10,10%,15.5
signing something you don't agree with at work,1,10,10%,41.6
best esignature api,1,10,10%,48.5
apa itu pades,1,9,11.11%,2.67
create sops,1,9,11.11%,37.33
what is digital signature,1,9,11.11%,56.56
ai lawyer chat gpt,1,8,12.5%,3
darba līgumu paraugi bezmaksas,1,8,12.5%,23.75
sotsiaalmaks käsunduslepingu puhul,1,8,12.5%,37.88
document management software,1,7,14.29%,2.14
draft bot pro,1,7,14.29%,2.43
ogrello,1,7,14.29%,3.43
contract ai,1,6,16.67%,4.83
online doc signature,1,6,16.67%,73
agrello delta,1,5,20%,2
ai contract writing,1,5,20%,3.2
chat gpt,1,5,20%,3.4
free ai contract drafting,1,5,20%,5
kontoritöö,1,5,20%,5.4
best free ai lawyer,1,4,25%,2.25
new estonia id card,1,4,25%,2.75
app for legal drafting,1,4,25%,4
chatgpt contratos,1,4,25%,4.5
best ai for sop writing,1,4,25%,18
maa rendileping,1,4,25%,30.25
paperless policy,1,4,25%,55.5
how to make a legally binding contract,1,3,33.33%,2
scribe for sop creation,1,3,33.33%,2
employment contract,1,3,33.33%,3
using ai to draft legal documents,1,3,33.33%,3
que es el pades,1,3,33.33%,4
best free ai for legal drafting in india,1,2,50%,2
chatgpt for policy writing,1,2,50%,2
agreement letter,1,2,50%,2.5
contract agreement,1,2,50%,3
how to type a signature,1,2,50%,3
best ai for drafting legal documents,1,2,50%,3.5
legal writing,1,2,50%,8.5
contract maker free,1,2,50%,9
käsutustehing,1,2,50%,22.5
konkurentsipiirang töölepingus,1,1,100%,1
standard operating procedure in food industry pdf,1,1,100%,1
best ai sop generator,1,1,100%,2
best free ai for legal writing,1,1,100%,2
best legal ai software,1,1,100%,2
can ai write a patent application,1,1,100%,2
examples of legal letters,1,1,100%,2
how to use chat gpt,1,1,100%,2
ia para redactar contratos,1,1,100%,2
ki vertragserstellung,1,1,100%,2
letter lux,1,1,100%,2
promise of sale problems,1,1,100%,2
spellbook ai price,1,1,100%,2
ai service agreement,1,1,100%,3
aplicaciones de inteligencia artificial para abogados,1,1,100%,3
asana,1,1,100%,3
chat law,1,1,100%,3
free consultation contract lawyer,1,1,100%,3
how to find government contracts,1,1,100%,3
spellbook,1,1,100%,3
uus tööseadus,1,1,100%,3
best ai tools for lawyers,1,1,100%,4
draft bot pro subscription,1,1,100%,4
employment contract uk template,1,1,100%,4
evisort,1,1,100%,4
gpt legal,1,1,100%,4
legal doc ai,1,1,100%,4
legal ai writer,1,1,100%,5
ai terms and conditions generator,1,1,100%,6
demarvion overshown,1,1,100%,6
ai agreement maker free,1,1,100%,8
töölepingu seadus,1,1,100%,9
huurkontrak template south africa,1,1,100%,10
courts punish lawyers citing ai-generated fake cases in legal filings,1,1,100%,12
document workflow automation,0,12262,0%,55.63
paperless office,0,5143,0%,54.08
qualified electronic signature,0,4526,0%,81.87
automated document workflow,0,4236,0%,56.39
sign a document online,0,4185,0%,57.4
paperless office solutions,0,3945,0%,60.37
buy agrello,0,3744,0%,11.82
contract management risks,0,3744,0%,41.83
sign a pdf online,0,3349,0%,63.47
what is a digital signature,0,3261,0%,3.77
paperless office software,0,2927,0%,39.85
small business document management software,0,2883,0%,71.86
eu digital identity wallet news,0,2823,0%,7.77
sign document online,0,2751,0%,59.6
risks of poor contract management,0,2476,0%,67.89
eu digital identity news,0,2467,0%,8.37
standard operating procedure examples for small business,0,2344,0%,20.32
digital existence,0,2226,0%,8.41
paperless document management,0,2223,0%,69.1
sign pdf online free,0,2215,0%,69.12
automate document workflow,0,2204,0%,56.78
electronic signature features,0,2197,0%,53.76
document workflow solutions,0,2145,0%,86.23
converting to a paperless office,0,2120,0%,25.02
small business document management,0,2078,0%,76.56
signing a contract,0,2046,0%,35.45
online pdf signer,0,2023,0%,56.5
document management and workflow automation,0,2017,0%,54.04
document workflows,0,1942,0%,56.44
person digital,0,1941,0%,6.52
best document automation software,0,1889,0%,39
small business standard operating procedures,0,1828,0%,21.16
paperless office workflow,0,1723,0%,17.59
digiallkiri,0,1691,0%,19.4
document automation workflow,0,1672,0%,51.72
signing contract,0,1669,0%,31.18
sign pdf document online,0,1615,0%,55.63
document management system for small business,0,1584,0%,54.36
sign documents online free,0,1544,0%,65.41
paperless document management software,0,1489,0%,66.37
online document signature,0,1484,0%,64.94
document management for small business,0,1481,0%,71.06
document flow automation,0,1477,0%,43.83
qualified electronic signatures,0,1424,0%,80.99
existence digital,0,1422,0%,10.3
sign pdf documents online,0,1395,0%,56.19
sign a contract,0,1379,0%,55.56
eudi wallet news,0,1356,0%,9.11
document workflow system,0,1356,0%,61.72
document workflow,0,1348,0%,70.77
paperless office system,0,1315,0%,50.42
top document automation tools for sales teams,0,1307,0%,22.23
contract signing,0,1300,0%,45.62
office paperless software,0,1281,0%,67.8
paperless office tools,0,1251,0%,50.44
eidas 2.0 news today,0,1219,0%,9.71
how to create a paperless office,0,1179,0%,44.33
europe digital identity in government sector market,0,1174,0%,29.67
sops business implementation pros cons,0,1163,0%,20.98
legal contract drafting,0,1161,0%,34.95
eidas signature,0,1146,0%,76.15
electronic signatures in word,0,1124,0%,56.71
electronic signature security,0,1118,0%,65.81
implementing paperless office,0,1099,0%,13.66
pdf sign online,0,1095,0%,49.66
eu digital wallet news,0,1086,0%,7.92
document workflow automation solutions,0,1069,0%,41.2
esignature solutions,0,1069,0%,63.38
document automation capabilities,0,1056,0%,42.14
qualified signature,0,1055,0%,77.77
paperless office software for small business,0,1038,0%,45.33
software for paperless office,0,1026,0%,71.69
paperless work environment,0,1023,0%,63.27
automated document flow,0,1004,0%,48.87
electronic signature for word,0,1000,0%,56.62
töölepingu lõpetamine,0,997,0%,23.02
paperless office document management software,0,995,0%,60.61
how to sign a pdf document online,0,958,0%,53.28
what is a qualified electronic signature,0,958,0%,84.02
document automation tool,0,954,0%,85.46
how to sign a pdf online,0,952,0%,53.35
paperless strategy,0,948,0%,42.77
concept of paperless office,0,944,0%,39.59
pades meaning,0,925,0%,4.26
creating a paperless office,0,916,0%,39.83
how to sign pdf online,0,912,0%,51.61
how do electronic signatures work,0,896,0%,75.68
platform for document workflow automation,0,894,0%,50.96
what is a paperless office system,0,888,0%,52.18
how to sign a pdf contract online,0,883,0%,71.23
signature électronique pades,0,882,0%,31.57
cloud paperless office,0,872,0%,64.79
sign a pdf document online,0,864,0%,60.84
best document automation tools like pandadoc,0,859,0%,46.26
paperless office management,0,856,0%,51.88
how to set up a paperless office,0,854,0%,47.7
paperless management system,0,854,0%,64.39
gpt contract management services,0,845,0%,22.46
automated document solutions,0,840,0%,46.01
paperless office best practices,0,839,0%,36.4
online pdf signature,0,838,0%,52.69
contract document automation,0,834,0%,45.3
key features of document creation workflow solutions,0,832,0%,47.79
paperless office solutions small business,0,825,0%,56.28
signing documents online,0,822,0%,65.9
document processing workflow solution,0,819,0%,48.62
small business document management system,0,817,0%,44.23
small business document management systems,0,812,0%,62.71
italy digital identity in government sector market,0,810,0%,37.18
workflow automation for documents,0,810,0%,46.02
document creation workflow solution,0,810,0%,52.72
sop implementation business problem solving pros cons,0,809,0%,12.63
paperless office cloud,0,806,0%,68.69
pades signatur,0,802,0%,10.31
what is paperless office,0,801,0%,56.39
user-friendly document automation,0,800,0%,30.16
document workflow automation services,0,798,0%,47.74
eidas 2 news november 2025,0,795,0%,3.91
eu qualified electronic signature,0,788,0%,60.01
pandadoc for hr document automation,0,787,0%,63.32
sign document online free,0,786,0%,63.67
kyc qualified electronic signature,0,786,0%,81.79
how to make paperless office,0,785,0%,51.67
benefits of paperless office,0,781,0%,37.84
what is qualified electronic signature,0,781,0%,83.82
automated document systems,0,777,0%,65.35
online document signing,0,773,0%,63.46
document workflow process,0,771,0%,69.15
document workflow automation software,0,768,0%,50.4
enterprise document management system,0,763,0%,84.84
document workflow tools,0,758,0%,49.44
workflows and document management,0,758,0%,80.54
how do i electronically sign a document in word,0,754,0%,76.62
pdf signature online,0,752,0%,48.75
secure electronic signature,0,752,0%,65.21
mistakes in contract management,0,738,0%,26.1
paperless accounting office best practices,0,736,0%,75.53
what is an electronic signature,0,734,0%,68.73
eidas 2.0 news november 2025,0,727,0%,4.64
documentation automation tools,0,724,0%,50.02
advantage paperless office,0,717,0%,64.52
contract management risk,0,714,0%,75.63
what's the top document automation platform,0,709,0%,8.85
esignature word,0,709,0%,64.17
small business procedures,0,704,0%,34.95
qualified digital signature,0,704,0%,76.45
document correction workflow solution,0,703,0%,47.69
small business efficiency,0,703,0%,64.51
document automation for sales,0,700,0%,82.32
electronically sign word document,0,692,0%,64.27
sign pdfs online,0,689,0%,63.16
document workflow integration,0,687,0%,16.46
history of signature,0,685,0%,59.89
üürileping,0,684,0%,20.24
signing a document online,0,683,0%,64.5
are electronic signatures legal,0,676,0%,69.69
document automation for smb,0,666,0%,57.59
allkiri,0,655,0%,6.48
germany digital identity in government sector market,0,654,0%,24.57
sign online pdf,0,652,0%,50.35
sop for small business,0,646,0%,22.74
germany digital identity news,0,645,0%,7.17
becoming a paperless office,0,645,0%,46
sign the pdf online,0,641,0%,62.86
paperless office savings,0,641,0%,76.64
signing a pdf document online,0,639,0%,54.23
paperless office cloud solutions,0,636,0%,29.33
qualified electronic signature eu,0,636,0%,62.61
digital contracting,0,625,0%,28.05
contract management mistakes,0,623,0%,22.38
altcoin io,0,621,0%,51.11
qes signature,0,620,0%,92.49
can an ai assisted document review work for hr,0,613,0%,4.31
how to paperless office,0,613,0%,61.99
document sign online,0,611,0%,58.66
document automation processes,0,610,0%,50.91
eidas electronic signature,0,607,0%,66.71
document processing workflow automation software,0,603,0%,39
document creation workflow solutions,0,602,0%,50.74
eidas qualified signature,0,597,0%,74.29
contract administration risks,0,593,0%,39.99
pades ltv,0,588,0%,21.45
qualified electronic signature qes,0,584,0%,88.46
üle vaadata,0,582,0%,8.85
accuranker pricing,0,582,0%,63.44
konfidentsiaalsusleping,0,577,0%,6.91
document processing workflow,0,575,0%,64.83
eidas 2 news,0,568,0%,8.91
.asice,0,568,0%,9.76
risk contract management,0,567,0%,91.5
sign on document online,0,565,0%,65.52
sign documents online pdf,0,565,0%,66.81
asice formatas,0,561,0%,7.63
paperless documentation system,0,557,0%,53.89
paperless office document management,0,552,0%,51.99
ways to go paperless in the office,0,551,0%,73.03
high volume document generation,0,545,0%,80.33
document correction workflow solutions,0,544,0%,51.29
sop ai,0,542,0%,36.79
paperless solution,0,539,0%,72.91
paperless office scanning solutions,0,536,0%,44.68
electronically sign word doc,0,531,0%,66.88
digital persona meaning,0,530,0%,4.25
is a paperless office more efficient,0,522,0%,79.89
electronic document signing,0,519,0%,63.99
creating sops,0,514,0%,67.33
buy agrello dlt coin,0,510,0%,17.56
digiallkirjastamine tarkvara,0,509,0%,42.43
how can automated document workflows improve operational efficiency?,0,507,0%,6.32
edoc signature,0,506,0%,33.32
pdf signer online,0,501,0%,56.22
small business operating procedures,0,499,0%,14.99
signing contracts,0,498,0%,50.5
e signature for word,0,498,0%,56.88
sign this contract,0,496,0%,79.06
best automation tools for document management,0,495,0%,4.68
what is its on a contract,0,495,0%,55.64
signing pdf documents online,0,491,0%,72.48
document signature online,0,489,0%,66.01
digital identity wallet,0,486,0%,49.47
document workflow automation platform,0,486,0%,52.44
document signing online,0,484,0%,63.91
how to be paperless in the office,0,484,0%,74.39
documentation automation software,0,483,0%,93.58
document signing,0,482,0%,73.59
pipedrive contract terms,0,479,0%,42.37
sign doc online,0,478,0%,64.27
european digital identity wallet news,0,477,0%,8.7
pdf signature online free,0,476,0%,61.26
best paperless office software,0,475,0%,82.42
digital identity eu news,0,471,0%,8.49
eudi,0,471,0%,38.3
electronic signature in word,0,471,0%,53.39
what is document workflow automation,0,470,0%,37.77
online sign documents,0,470,0%,66.48
document management workflow,0,470,0%,73.69
e signature on pdf online,0,470,0%,76.13
qes qualified electronic signature,0,469,0%,88.44
document signed electronically,0,465,0%,74.46
contract management pipedrive,0,462,0%,19.84
germany digital identity in airports market,0,462,0%,37.54
document creation workflow,0,461,0%,56.57
sign online document,0,457,0%,61.67
sign in document online,0,448,0%,65.21
online document signer,0,448,0%,66.72
digital signing,0,447,0%,65.35
cloud document management for small business,0,445,0%,70.54
document management workflows,0,445,0%,88.81
signature online pdf,0,441,0%,52.68
simple electronic signature,0,441,0%,83.25
signing pdf online,0,440,0%,53.45
how to automate business processes using standard operating procedures,0,439,0%,24.64
document workflow optimization,0,437,0%,7.98
sop implementation business process optimization pros cons,0,433,0%,12.48
can you sign a document in word,0,433,0%,61.85
paperless document management solutions,0,430,0%,82.74
digital identity wallet news,0,429,0%,9.98
e signature pdf online,0,429,0%,57.06
digiallkirja tarkvara,0,427,0%,52.21
paperless workplace,0,427,0%,73.39
electronic signature word document,0,426,0%,59.98
pdf online signature,0,425,0%,60.02
best document management software for small business,0,425,0%,67.46
online pdf sign,0,423,0%,57.14
electronic signature legally binding,0,423,0%,75.51
sops for small business marketing automation,0,419,0%,67.71
eidas2.0,0,418,0%,31.99
online sign pdf,0,418,0%,45.94
sign online documents,0,416,0%,60.51
e signatures in word,0,416,0%,62.87
chat gpt sop,0,414,0%,7.67
paperless office scan,0,413,0%,51.85
popular tools for document automation design,0,408,0%,7.16
risks in contract management,0,407,0%,53.47
eidas compliant,0,407,0%,74.21
paperless workflow with cloud scanning,0,405,0%,57.97
a paperless office,0,405,0%,71.92
benefits of implementing sops in small business operations,0,402,0%,9.14
workflow for document management system,0,402,0%,84.45
electronic signature industry,0,400,0%,69.46
eidas 2.0 news,0,399,0%,6.56
sops for small business,0,399,0%,8.82
eidas wallet news,0,398,0%,6.83
how to use sops for enhancing small business productivity,0,394,0%,4.28
creating sops for improving business efficiency and productivity,0,394,0%,5.42
document management system for business analysis,0,394,0%,20.44
paperless office services,0,393,0%,74.09
electronic signing platforms,0,393,0%,90.74
sops for small business operational performance,0,392,0%,6.78
how to streamline small business operations with sops,0,391,0%,7.94
sign word document,0,391,0%,62.32
how to develop sops for small business operational efficiency,0,390,0%,6.85
how to use sops for small business brand enhancement,0,390,0%,9.43
how to develop sops for supply chain management in small businesses,0,389,0%,7.93
how to develop sops for small business team performance,0,389,0%,10.62
how to use sops for enhancing small business efficiency,0,388,0%,3.97
how to use sops for enhancing small business competitiveness,0,388,0%,5.52
how to develop sops for small business growth and scalability,0,388,0%,5.97
workflow document management,0,388,0%,65.31
how to create sops for enhancing small business productivity,0,387,0%,6.99
sops for small business competitive advantage,0,387,0%,7.04
document management systems for small business,0,387,0%,70.15
how to use sops for improving small business productivity,0,386,0%,4.48
how to develop sops for small business operational improvement,0,386,0%,7.72
how to use sops for enhancing small business collaboration,0,386,0%,10.35
how to use sops for improving small business communication,0,385,0%,11.01
how to develop sops for small business innovation management,0,385,0%,18.15
developing sops for business efficiency,0,384,0%,11.17
how to use sops for business transformation,0,384,0%,22.05
eidas 2.0.,0,384,0%,56.57
how to develop sops for small business operational excellence,0,383,0%,5.64
how to create sops for small business operational excellence,0,383,0%,7.37
how to implement sops for cost reduction,0,383,0%,15.47
what to do before signing a contract,0,383,0%,54.05
allkiri vekslil,0,382,0%,5.21
how to develop sops for business transformation,0,381,0%,12.6
sops for small business innovation,0,381,0%,19.82
service level agreement pipedrive,0,380,0%,52.21
how to use sops for improving small business customer service,0,379,0%,8.97
how to use sops for competitive advantage in small businesses,0,379,0%,10
sops for small business operational efficiency,0,379,0%,10.42
effective sops for enhancing small business customer service,0,379,0%,12.32
how to optimize sops for efficiency,0,379,0%,12.41
how to create sops for small business operational success,0,379,0%,14.35
sops for small business crm systems,0,378,0%,18.23
how to create sops for small business market expansion,0,378,0%,20.87
how to develop sops for small business operational success,0,377,0%,11.25
how to develop sops for small business strategic alignment,0,377,0%,16.81
how to use sops for small business operational efficiency,0,376,0%,5.52
how to use sops for improving small business leadership,0,376,0%,10.73
how to create sops for small business talent retention,0,376,0%,17.94
how to use sops for improving small business decision-making,0,375,0%,9.1
how to use sops for improving small business team collaboration,0,375,0%,13.31
sops for business expansion and growth,0,375,0%,14.74
how to use sops for enhancing small business customer experience,0,375,0%,15.6
how to develop sops for small business team effectiveness,0,375,0%,17.04
how to develop sops for small business performance management,0,375,0%,17.31
how to use sops for improving small business market position,0,374,0%,9.99
how to use sops for small business strategic alignment,0,374,0%,18.97
sops for small business sales strategies,0,374,0%,23.87
how to develop sops for small business operational strategies,0,373,0%,15.66
best options for document design automation tools,0,372,0%,8.39
format de signature pades,0,372,0%,37.65
how to develop sops for small business competitive positioning,0,371,0%,12.12
how to create sops for small business competitive analysis,0,371,0%,14.69
how to create sops for small business sales optimization,0,371,0%,22.11
how to use sops to improve small business customer experience,0,370,0%,11.89
sops for small business operational success,0,370,0%,14.76
how to create sops for small business employee performance,0,370,0%,15.27
sops for small business customer relationships,0,370,0%,19.68
how to use sops for organizational change,0,370,0%,30.7
sop automation,0,370,0%,55.33
qualified trust service provider,0,370,0%,78.56
how to create sops for small business competitive advantage,0,369,0%,11.58
how to use sops for enhancing small business innovation,0,369,0%,16.91
how to create sops for small business stakeholder management,0,369,0%,19.22
asice file format,0,368,0%,9.33
how to use sops for small business customer satisfaction,0,368,0%,13.49
how to create sops for small business customer retention,0,368,0%,16.07
esign tools,0,368,0%,58.99
how to develop sops for small business process efficiency,0,367,0%,5.34
how to use sops for improving small business growth,0,367,0%,5.56
what person digital,0,367,0%,9.52
how to use sops for small business customer feedback,0,367,0%,22.47
workflow and document management,0,367,0%,53.74
how to build a culture of sop compliance in small businesses,0,366,0%,16.08
how to use sops for small business digital transformation,0,366,0%,16.95
how to create sops for digital transformation,0,366,0%,17.01
sops for small business customer insights,0,365,0%,20.58
eidas 2,0,365,0%,67.76
how esign works,0,365,0%,83.19
how to implement sops for business growth,0,364,0%,19.32
how to create sops for small business strategic growth,0,364,0%,19.6
sops for small business employee development,0,364,0%,25.37
how to use sops for improving small business innovation,0,363,0%,15.18
how to improve business processes with sops,0,363,0%,22.13
electronic signature comparison,0,363,0%,56.75
sops for business growth and scalability,0,362,0%,13.01
how to create sops for managing small business innovation,0,362,0%,15.51
how to develop sops for small business risk management,0,362,0%,22.14
how to create sops for supply chain efficiency,0,362,0%,22.26
how to develop sops for small business cost management,0,362,0%,23.52
how to develop sops for small business resource allocation,0,362,0%,24.06
sops for small business brand engagement,0,362,0%,24.08
sops for small business leadership skills,0,362,0%,26.62
business file management,0,362,0%,36.54
how to go paperless in office,0,362,0%,79.34
sops for small business customer advocacy,0,361,0%,29.42
sops erstellen,0,361,0%,47.34
how to integrate sops into small business strategic planning,0,360,0%,17.77
sops for small business market positioning,0,359,0%,26.6
most recommended document automation design tools,0,358,0%,8.82
how to create sops for organizational effectiveness,0,358,0%,13.47
e signature word,0,358,0%,58.03
best overall document automation tool,0,357,0%,8.68
kuidas digiallkirjastada,0,357,0%,8.98
sops for small business digital transformation,0,357,0%,22.49
how to develop sops for small business market leadership,0,357,0%,22.54
sops for small business operational strategy,0,356,0%,18.18
e signature in word,0,356,0%,56.49
how to create sops for small business compliance requirements,0,353,0%,25.58
how to develop sops for small business market positioning,0,352,0%,23.89
sops for small business market leadership,0,352,0%,25.7
small business sops,0,351,0%,25.79
how to create sops for small business strategic initiatives,0,351,0%,28.84
what's the top document automation design software,0,350,0%,8.83
how to develop sops for organizational learning,0,350,0%,16.34
how to use sops for improving small business branding,0,349,0%,15.18
document workflow automation software comparison,0,349,0%,65.57
eidas qes,0,349,0%,78.21
how to use sops to optimize business processes and workflows,0,348,0%,21.25
sops for quality assurance in small businesses,0,348,0%,27.35
free online pdf signer,0,348,0%,74.26
asic file,0,347,0%,7.24
how to create sops for small business process standardization,0,346,0%,19.01
how to implement sops for process automation,0,346,0%,22.86
sops for small business customer experience,0,345,0%,26.39
how to develop sops for small business innovation strategies,0,343,0%,15.21
how to create sops for managing small business resources,0,341,0%,29.44
document management crm for small business,0,341,0%,60.67
töölepingu,0,340,0%,6.17
how to create sops for small business financial performance,0,340,0%,23.89
electronic signature pipedrive,0,340,0%,55.99
töö ja puhkeaja seadus 2025,0,339,0%,9.23
how to develop sops for small business team engagement,0,339,0%,28.82
how to implement sops for growth strategies,0,339,0%,29.8
how to use sops for business growth strategies,0,339,0%,42.54
how to create sops for small business customer insights,0,338,0%,28.46
how to sign a document online pdf,0,338,0%,75.9
electronic signature word,0,337,0%,57.32
what's the leading document automation design tool,0,336,0%,7.42
how to develop sops for small business brand development,0,336,0%,30.03
paperless organization,0,336,0%,66.04
sops for small business brand development,0,335,0%,30.09
are electronic signatures legally binding,0,333,0%,72.28
eidas 2.0 regulation,0,332,0%,32.95
digitally sign pdf online,0,332,0%,65.71
electronic qualified signature,0,331,0%,78.44
electronically sign pdf online,0,331,0%,90.92
document automation trial,0,329,0%,83
sops for small business growth hacking,0,328,0%,18.26
standard operating procedures for small businesses,0,328,0%,25.51
sops for small business customer engagement,0,328,0%,27.21
sops for small business brand strategy,0,327,0%,30.89
signed document online,0,327,0%,63.87
automate document workflows,0,324,0%,53.26
can chatgpt write legal blogs,0,323,0%,77.64
leading document automation platforms,0,322,0%,9.11
pandadoc vs hellosign features comparison,0,322,0%,19.11
energy company paperless document workflow,0,322,0%,37.53
digital document signing solutions,0,322,0%,45.7
eidas digital signature,0,322,0%,73.24
developing sops for small business quality assurance,0,321,0%,27
asice,0,321,0%,28.01
digital document signing,0,319,0%,64.67
document processing workflow solutions,0,318,0%,52.91
eidas news november 2025,0,317,0%,5.36
how to implement sops for operational success,0,317,0%,31.02
how to sign a contract,0,316,0%,49.16
eidas digital wallet,0,316,0%,60.53
how to leverage sops for business innovation,0,315,0%,36.01
can you electronically sign a word document,0,315,0%,62.96
best apps for creating legal narratives,0,314,0%,6.3
how to create sops for small business market leadership,0,314,0%,32.12
online sign on pdf,0,313,0%,55.45
signing agreements,0,313,0%,62.73
top document automation tools for businesses,0,312,0%,8.4
future of esignatures,0,312,0%,64.68
esignature microsoft word,0,311,0%,58.63
sign pdf file online,0,311,0%,61.49
how to create sops for small business customer success,0,309,0%,32.06
how to create sops for small business talent development,0,308,0%,21.27
how to create sops for small business strategic planning,0,308,0%,34.95
small business operational efficiencies,0,308,0%,54.62
document management with workflow,0,308,0%,56.04
top document automation solutions with signature features,0,307,0%,7.05
how to implement sops in your organization,0,306,0%,32.7
how to develop standard operating procedures for small businesses,0,305,0%,29.09
how to create sops for small business product quality control,0,304,0%,33.17
sign pdf documents online free,0,303,0%,55.75
eidas,0,303,0%,58.84
belgium digital identity news,0,302,0%,8.3
sops for small business financial success,0,301,0%,23.53
how to implement sops for business innovation,0,301,0%,34.54
edoc,0,299,0%,7.04
how to implement sops for operational excellence,0,299,0%,31.54
how to develop sops for small business strategic planning,0,298,0%,31.59
efficient business system documentation for small businesses,0,296,0%,22.98
how to create sops for small business employee training,0,296,0%,26.37
eidas wallet,0,296,0%,58.88
best tool for integrating document collaboration with workflows,0,295,0%,10.76
its on a contract,0,295,0%,41.78
esignature software comparison,0,294,0%,57.11
free pdf signature online,0,294,0%,78.1
sops for small business customer service,0,293,0%,33.93
sops for small business talent management,0,293,0%,34.04
sign pdf document online free,0,293,0%,57.52
importance of sops in maintaining business compliance,0,292,0%,34.66
how to create sops for small business brand management,0,292,0%,38.42
how to create sops for small business leadership development,0,291,0%,31.22
paperless processes,0,291,0%,65.7
"according to this training, how can chatgpt be used by someone in 
operations and administration? creating an sop, writing meeting agendas, 
creating action item lists, and summarizing conversations with coworkers 
monitoring coworkers' performance metrics communicating with vendors 
autonomously through ai generated voice calls and emails running meetings 
autonomously so that the actual operations and administration worker does 
not have to",0,290,0%,3.53
how to create sops for small business team collaboration,0,290,0%,44.39
allkirjastamine smart id,0,289,0%,7.4
most popular document automation solution,0,289,0%,7.54
e signature for word documents,0,289,0%,60.4
contract draughting,0,289,0%,81.71
contract management challenges,0,287,0%,22.87
signature pdf online,0,287,0%,59.16
environmental benefits of a paperless office,0,287,0%,76.23
how to create sops for small business talent management,0,286,0%,26.91
e signature online pdf,0,286,0%,58.26
signing a pdf online,0,286,0%,59.33
how to create sops for small business sales processes,0,285,0%,33.54
how to integrate sops into business strategy,0,285,0%,34.06
sign a document online free,0,285,0%,70.03
how to create sops for small business customer loyalty,0,284,0%,30.58
how to get a qualified electronic signature,0,284,0%,84.62
sops for small business operational agility,0,283,0%,11.49
efficient business system documentation solutions for small businesses,0,283,0%,21.64
online document sign,0,283,0%,61.82
edoc format,0,282,0%,7.04
ats document automation,0,282,0%,58.88
what is asice file,0,280,0%,8.97
sops for small business leadership development,0,280,0%,29.96
how to create sops for small business hr processes,0,280,0%,42.19
electronic signature for google docs,0,280,0%,88.28
sops for small business digital innovation,0,279,0%,25.2
benefits of standard operating procedures,0,279,0%,45.7
document workflow management system,0,279,0%,66.47
how to use sops for operational excellence,0,278,0%,53.72
document management system workflow,0,278,0%,73.01
document management system for large enterprises,0,278,0%,75.6
how to do electronic signatures in word,0,278,0%,75.84
asic formatas,0,277,0%,4.66
efficient system documentation solutions for small businesses,0,277,0%,20.86
how to create a culture of sop adherence,0,277,0%,29.54
document workflow solution,0,277,0%,75.02
how to standardize business operations with sops,0,276,0%,36.34
how to ensure sops are up-to-date with business changes,0,276,0%,61.38
who needs to sign a contract,0,275,0%,13.87
process automation document management,0,275,0%,29.41
how to create sops for small business customer advocacy,0,273,0%,40.93
how to use sops for stakeholder management,0,273,0%,51.93
how to create sops for small business customer engagement,0,273,0%,70.59
how to standardize business operations with detailed sops,0,272,0%,41.11
signed legal agreement,0,272,0%,69.76
electronic signature for word documents,0,272,0%,78.78
best document automation design solutions,0,271,0%,9.31
document management system for business efficiency,0,271,0%,29.06
paperless document workflow solutions,0,271,0%,72.74
automated employment contract generation by country,0,270,0%,7.78
sops for business process improvement,0,270,0%,33.42
how to create sops for small business customer support,0,269,0%,44.48
european identity wallet,0,268,0%,32.28
automating document workflow,0,268,0%,59.99
efficient system documentation services for small businesses,0,267,0%,12.73
how to use sops for stakeholder engagement,0,266,0%,40.64
how to implement sops for process improvement,0,266,0%,47.8
electronic signing of documents,0,266,0%,61.68
online persona,0,265,0%,72.29
digiallkirjastamise tarkvara,0,264,0%,35.23
how to develop sops for effective business decision-making,0,264,0%,40.94
how to implement sops for strategic alignment,0,264,0%,46.26
contract management / risks of poor contract management,0,264,0%,70.17
digiallkirjastamine mobiilis,0,263,0%,8.5
esignature in word,0,263,0%,56.26
europe signature verification market,0,262,0%,46.73
how do i sign a pdf document online,0,262,0%,57.31
sign on a document online,0,262,0%,64.63
sops for effective communication in business,0,261,0%,48.02
can i sign a document in word,0,261,0%,57.29
automatisering van documentworkflow,0,260,0%,22.97
how to automate standard operating procedures,0,260,0%,47.87
paperless office software open source,0,260,0%,69.57
online e signature pdf,0,259,0%,57.2
how to optimize digital document workflows with automation?,0,258,0%,6.37
sops for small business strategic planning,0,258,0%,27.91
business document management software,0,258,0%,83.95
sops for small business customer loyalty,0,257,0%,20.99
sops for small business employee wellness,0,257,0%,36.74
xades signatur,0,257,0%,38.87
top document automation software,0,257,0%,57.49
how to develop sops for customer relationship management,0,256,0%,56.82
signing word documents,0,255,0%,66.62
is e-signing safe,0,255,0%,68.76
paperless working,0,255,0%,79.69
document process workflow,0,255,0%,87.56
online signature on document,0,254,0%,71.91
paperless document workflow services,0,254,0%,72.26
word electronic signature,0,253,0%,56.38
sop templates for small business operations,0,253,0%,59.95
what is eidas 2.0,0,252,0%,27.77
is document automation the future of all documents,0,252,0%,28.87
qualified e-signature,0,252,0%,87.27
how to create document processing workflows,0,251,0%,39.98
does microsoft word have esignature,0,251,0%,73.49
how to create sops for market expansion,0,250,0%,49.42
how are outdated contract templates archived or retired?,0,248,0%,1.25
compare audit trail capabilities in enterprise e-signature platforms,0,248,0%,23.77
sops for business process automation,0,248,0%,64.57
sign contract,0,248,0%,72.82
how to develop sops for enhancing business agility,0,246,0%,44.85
online sign on document,0,246,0%,66.93
how to use sops for strategic decision making,0,245,0%,39.53
e-signature for word,0,244,0%,56.96
cloud based document management for small business,0,244,0%,61.36
sign a form online,0,244,0%,66.34
is your electronic signature safe,0,244,0%,82.34
spain digital identity news,0,243,0%,9.81
pdf signing online,0,243,0%,49.48
bulk document generation,0,243,0%,58.18
how do you sign a pdf document online,0,242,0%,57.87
use of electronic signatures,0,242,0%,85.64
how does e signature work,0,242,0%,94.7
gpt for contracts,0,241,0%,33.47
eudi wallet news december 2025,0,240,0%,9.12
how to create sops for employee performance evaluations,0,240,0%,49.08
signing pdf document online,0,240,0%,55.7
chatgpt drafting,0,239,0%,6.8
business system documentation for small businesses,0,239,0%,36.08
small business document management solutions,0,238,0%,40
eu wallet,0,238,0%,43.45
signing a word document,0,238,0%,64.87
chatgpt competitive product analysis sop methodology template,0,236,0%,17.72