Top pages,Clicks,Impressions,CTR,Position
https://www.agrello.io/,5611,29915,18.76%,9.95
https://www.agrello.io/post/mis-on-kasundusleping,1803,26336,6.85%,6.56
https://www.agrello.io/post/7-things-not-to-do-when-using-chatgpt-for-legal-contract-drafting,1151,119247,0.97%,7.02
https://www.agrello.io/process-automations/creating-sops-with-chatgpt-a-comprehensive-how-to-guide,959,78533,1.22%,17.46
https://www.agrello.io/ee,871,6400,13.61%,2
https://www.agrello.io/post/pdf-and-asic-document-output-types,403,25955,1.55%,8.87
https://www.agrello.io/post/praktiline-naide-nutikas-viis-kuidas-kiiresti-toolepinguid-ette-valmistada-ja-allkirjastada,320,18245,1.75%,8.29
https://www.agrello.io/post/signing-a-contract-without-understanding-it-a-guide-for-savvy-professionals,305,66369,0.46%,16.47
https://www.agrello.io/digital-signing/what-is-asic-container-and-xades-signature,297,23230,1.28%,8.89
https://www.agrello.io/digital-signing/what-is-pades-signature,296,54484,0.54%,9.16
https://www.agrello.io/ee/digitaalne-allkirjastamine,245,32555,0.75%,10.12
https://www.agrello.io/post/litsentsilepingutest,243,1517,16.02%,3.72
https://www.agrello.io/post/uuri-ja-rendilepingutest,234,4655,5.03%,12.82
https://www.agrello.io/post/eudi-wallet-explained-the-future-of-digital-identity-in-europe,198,208859,0.09%,8.81
https://www.agrello.io/post/toooiguse-uuendused-2025-mida-pead-teadma-lepingute-solmimisel,182,3870,4.7%,6.6
https://www.agrello.io/post/mis-on-teenuse-osutamise-lepingud,170,2686,6.33%,4.82
https://www.agrello.io/lv,156,3603,4.33%,1.69
https://www.agrello.io/ua,144,1335,10.79%,5.78
https://www.agrello.io/lv/funkcijas,140,3700,3.78%,1.76
https://www.agrello.io/post/darba-ligums-2025-praktisks-celvedis-darbiniekam,138,2693,5.12%,8.48
https://www.agrello.io/post/cross-border-digital-identity-and-e-signing-in-the-baltic-states-a-practical-guide-for-smes,112,47419,0.24%,7.39
https://www.agrello.io/post/bulk-create-documents-from-the-template,111,6173,1.8%,12.95
https://www.agrello.io/post/krediidilepingutest,101,745,13.56%,4.1
https://www.agrello.io/post/environmental-impact-of-e-signing---how-digital-documents-save-the-planet,88,16459,0.53%,6.18
https://www.agrello.io/post/understanding-our-digital-existence-digital-identity-versus-digital-persona,87,30521,0.29%,13.01
https://www.agrello.io/process-automations/how-standard-operating-procedures-boost-small-business-efficiency,83,87946,0.09%,23
https://www.agrello.io/post/expired-contracts-why-storing-and-managing-them-matters,81,24547,0.33%,8.5
https://www.agrello.io/post/frantsiisilepingutest,80,668,11.98%,4.29
https://www.agrello.io/post/eidas-2-0-the-future-of-eu-digital-identity-and-authentication-by-2030,75,92511,0.08%,9.75
https://www.agrello.io/ee/smart-id-mobiil-id-allkirjastamine,72,13274,0.54%,12.73
https://www.agrello.io/post/ulevaade-digiidentiteetidest-ja-e-allkirjastamisest-balti-riikides,68,3656,1.86%,11.11
https://www.agrello.io/post/the-evolution-of-signing-processes-from-paper-to-digital-signatures,63,11007,0.57%,14.99
https://www.agrello.io/process-automations/transitioning-to-a-paperless-office-your-step-by-step-guide,59,80297,0.07%,49.11
https://www.agrello.io/process-automations/top-document-management-systems-for-smes-in-2025-a-comprehensive-guide,56,36682,0.15%,43.38
https://www.agrello.io/post/smart-id-drosa-digitala-autentifikacija-un-e-paraksta-risinajums,55,5537,0.99%,10.08
https://www.agrello.io/post/kuidas-allkirjastada-paljude-osapooltega-dokumenti,54,2113,2.56%,9.55
https://www.agrello.io/post/ukrainian-diia-e-signature-support-bridging-ukraine-and-eu-document-workflows,53,26198,0.2%,5.92
https://www.agrello.io/lv/cenas,53,3044,1.74%,1.72
https://www.agrello.io/posts/shcho-take-pades-pidpys,51,1159,4.4%,14.89
https://www.agrello.io/post/mis-on-voorandamislepingud,49,819,5.98%,14.44
https://www.agrello.io/post/enne-toolepingu-solmimist-praktiline-juhend-tootajale,47,2323,2.02%,10.01
https://www.agrello.io/ee/ettevottest/kontakt,44,1904,2.31%,3.45
https://www.agrello.io/post/muugilepingutest-lahemalt,42,2427,1.73%,12.26
https://www.agrello.io/post/dazadi-digitalo-parakstu-veidi,42,399,10.53%,6.26
https://www.agrello.io/post/dokumendi-allkirjastamine-mobiiliga,41,7456,0.55%,13.64
https://www.agrello.io/post/new-estonian-id-cards-2025-what-you-need-to-know,39,3081,1.27%,7.84
https://www.agrello.io/post/komandejuma-rikojums---kapec-tas-nepieciesams-un-ka-sagatavot-digitali,38,750,5.07%,7.79
https://www.agrello.io/post/liisingulepingutest,38,540,7.04%,5.8
https://www.agrello.io/post/mida-peaks-ettevotja-arvestama-euroopa-liidus-tuupiliste-arilepingute-e-allkirjastamisel,37,1895,1.95%,10.31
https://www.agrello.io/post/learn-how-ai-tools-like-chatgpt-simplify-employment-contract-management,36,11338,0.32%,12.78
https://www.agrello.io/lv/kontakti,35,2975,1.18%,1.54
https://www.agrello.io/pricing,34,16063,0.21%,20.52
https://www.agrello.io/post/secure-your-pdf-documents-with-pades-signatures,34,14294,0.24%,16.8
https://www.agrello.io/ee/lepingu-koostamine,34,1162,2.93%,8.15
https://www.agrello.io/process-automations/how-to-create-sops-that-transform-your-organization,33,21541,0.15%,26.89
https://www.agrello.io/ee/dokumendihaldus,33,2083,1.58%,8.23
https://www.agrello.io/post/what-should-you-know-about-eidas-when-e-signing-eu-business-contracts,31,12048,0.26%,29.76
https://www.agrello.io/post/kuidas-agrello-ja-exceliga-luua-sadu-allkirjastamisele-minevaid-dokumente,31,4046,0.77%,3.28
https://www.agrello.io/post/evolutsioon-allkirjastamises-paberilt-digitaalsele,31,1852,1.67%,13.61
https://www.agrello.io/post/lahetuskaskkiri-mis-miks-ja-kuidas-vormistada,31,251,12.35%,12.47
https://www.agrello.io/post/mis-on-toovotuleping,30,1589,1.89%,20.85
https://www.agrello.io/post/too--ja-maksuoiguse-muudatused-2026-kuidas-valmistuda,30,430,6.98%,5.73
https://www.agrello.io/electronic-signing/e-signing-evolution-key-trends-and-predictions-for-2024,29,8305,0.35%,28.06
https://www.agrello.io/post/automatiseeri-lepingute-allkirjastamine-google-drivei-ja-zapieri-uhendusega,28,808,3.47%,7.82
https://www.agrello.io/post/welcome-the-new-ceo-toomas-pihl,28,453,6.18%,6.44
https://www.agrello.io/posts/what-is-pades-signature,27,14302,0.19%,8.94
https://www.agrello.io/post/e-allkirjade-erinevad-formaadid-ja-voimalused,27,2098,1.29%,32.88
https://www.agrello.io/post/5-head-nippi-kuidas-lepinguid-nutikamalt-allkirjastada,26,2453,1.06%,5.11
https://www.agrello.io/post/millistest-sammudest-koosneb-lepingu-elutsukkel-ning-kuidas-seda-paremini-hallata,24,944,2.54%,9.26
https://www.agrello.io/post/agrello-adds-support-for-latvias-edoc-e-signature-format,23,3996,0.58%,12.78
https://www.agrello.io/post/lihtne-ja-kiire-viis-piiriuleste-lepingute-allkirjastamiseks,20,762,2.62%,8.87
https://www.agrello.io/process-automations/automating-document-workflows-tools-and-techniques,19,70317,0.03%,51.63
https://www.agrello.io/post/uus-id-kaart-2025---kas-sinu-susteem-on-valmis,19,852,2.23%,7.27
https://www.agrello.io/post/ai-in-legal-how-chatgpt-simplifies-contracts-for-small-businesses,18,4595,0.39%,6.87
https://www.agrello.io/post/kuidas-microsoft-wordis-lepingud-allkirjastamiseks-ettevalmistada,18,673,2.67%,5.53
https://www.agrello.io/post/kuidas-luua-ja-kasutada-microsoft-wordi-malle-agrellos-allkirjastatavate-dokumentide-loomiseks,18,647,2.78%,8.07
https://www.agrello.io/post/alustava-ettevotte-dokumentide-korrashoid,18,163,11.04%,14.9
https://www.agrello.io/post/mis-on-kasutuslepingud,17,258,6.59%,11.2
https://www.agrello.io/product,16,5787,0.28%,3.32
https://www.agrello.io/post/agrello-google-docs-addon,16,2586,0.62%,43.55
https://www.agrello.io/post/tasuta-kasutamise-lepingutest,16,291,5.5%,9.63
https://www.agrello.io/post/release-note-pdf-and-asic-document-types-to-get-the-best-of-both-sides,15,1327,1.13%,8.87
https://www.agrello.io/pages/juhendid-ja-opetused,14,533,2.63%,5.44
https://www.agrello.io/post/pdf-voi-asic-kumba-formaati-valida,14,533,2.63%,9.59
https://www.agrello.io/pages/lepinguhaldus,14,229,6.11%,9.69
https://www.agrello.io/post/latvijas-darba-tiesibas-2025-kas-mainijies-un-ka-tam-sagatavoties,13,693,1.88%,6.85
https://www.agrello.io/post/top-document-automation-tools-for-streamlining-your-workflow-in-2025,12,35215,0.03%,30.08
https://www.agrello.io/post/pamaciba-gudrs-veids-ka-atri-sagatavot-un-parakstit-darba-ligumus,12,573,2.09%,7.21
https://www.agrello.io/post/veidi-ka-automatizet-pardosanas-ligumus,12,155,7.74%,25.05
https://www.agrello.io/post/best-automation-platform-for-document-generation-contract-management---compare-top-solutions,11,8611,0.13%,29.09
https://www.agrello.io/articles/digital-signature-in-word,11,3632,0.3%,20.5
https://www.agrello.io/pages/signing,11,2012,0.55%,3.8
https://www.agrello.io/post/creating-a-document-for-signing,11,247,4.45%,9.67
https://www.agrello.io/post/7-asja-mida-ei-tohi-teha-chatgpt-kasutamisel-juriidiliste-lepingute-koostamiseks,11,124,8.87%,7.16
https://www.agrello.io/articles/typed-signature-legal,10,6701,0.15%,3.87
https://www.agrello.io/ee/digiallkirjastamine-digitaalse-allkirjastamise-platvorm,10,2754,0.36%,24.3
https://www.agrello.io/posts/contract-management-challenges-solutions,10,1984,0.5%,16.49
https://www.agrello.io/post/alusta-toosuhet-oige-lepinguga,10,574,1.74%,19.03
https://www.agrello.io/topics/ligumu-parvaldiba,10,330,3.03%,2.15
https://www.agrello.io/post/izvele-starp-bezmaksas-un-maksas-e-parakstu-rikiem,10,239,4.18%,9.38
https://www.agrello.io/post/ai-agents-and-the-future-of-office-automation-where-does-e-signing-fit,9,1477,0.61%,17.92
https://www.agrello.io/post/laenulepingutest,9,571,1.58%,32.73
https://www.agrello.io/post/dokumentu-sutisana-un-paraksitisana-agrello-platforma,9,550,1.64%,12.85
https://www.agrello.io/pages/uldine,9,212,4.25%,8.97
https://www.agrello.io/post/praktiline-teejuht-personalispetsialistile-kuidas-mugavamalt-iga-aastast-toolepingute-uuendamist-labi-viia,9,92,9.78%,7.11
https://www.agrello.io/digital-signing/signing-a-pdf-document,8,105684,0.01%,62.57
https://www.agrello.io/pages/getting-started-with-agrello,8,9382,0.09%,3.02
https://www.agrello.io/posts/contract-templates-speed-up-business,8,6704,0.12%,9.91
https://www.agrello.io/post/eidas-2-0-secure-digital-identity-and-e-signing-across-the-eu,8,2739,0.29%,32.34
https://www.agrello.io/ee/lepingu-ettevalmistamine-koostamine-allkirjastamine,8,1035,0.77%,47.4
https://www.agrello.io/post/pamaciba-par-parakstisanu-ar-agrello-parakstu-un-pdf-izveidi,8,531,1.51%,22.39
https://www.agrello.io/ua/mozhlyvosti,8,487,1.64%,11.57
https://www.agrello.io/post/allkirjasta-oma-dokumendid-turvaliselt-pades-allkirjaga,8,343,2.33%,17.21
https://www.agrello.io/post/lepingutest,8,297,2.69%,12.64
https://www.agrello.io/legal/privacy-policy,8,273,2.93%,8.87
https://www.agrello.io/digital-signing/what-is-a-qualified-electronic-signature,7,19754,0.04%,78.42
https://www.agrello.io/company/contact,7,13999,0.05%,10.01
https://www.agrello.io/post,7,6028,0.12%,3.42
https://www.agrello.io/electronic-signing,7,1493,0.47%,12.93
https://www.agrello.io/articles/electronic-signature-example,7,1391,0.5%,8.19
https://www.agrello.io/post/what-is-smart-id-and-how-to-use-it-for-secure-e-signing,7,1054,0.66%,9.23
https://www.agrello.io/ua/tsiny,7,752,0.93%,7.94
https://www.agrello.io/pages/e-paraksts,7,589,1.19%,13.17
https://www.agrello.io/ee/lepingu-haldus-ja-allkirjastamine,7,347,2.02%,9.34
https://www.agrello.io/post/vead-mida-lepingute-allkirjastamisel-valtida,7,179,3.91%,7.12
https://www.agrello.io/posts/mis-on-pades-allkiri,7,178,3.93%,7.39
https://www.agrello.io/electronic-signing/electronic-signature-101,6,12477,0.05%,61.81
https://www.agrello.io/posts/what-is-asic-container-and-xades-signature,6,3178,0.19%,8.11
https://www.agrello.io/pages/tehisintellekt,6,1253,0.48%,49.68
https://www.agrello.io/knowledge-base,6,1217,0.49%,4.21
https://www.agrello.io/pages/dokumentu-veidosana-agrello,6,456,1.32%,21.81
https://www.agrello.io/pages/ai,6,426,1.41%,11.6
https://www.agrello.io/legal/terms-of-use,6,393,1.53%,10.35
https://www.agrello.io/post/ka-parakstit-dokumentu-ar-vairakam-pusem,6,252,2.38%,6.96
https://www.agrello.io/posts/kas-ir-ligumu-parvaldiba,6,165,3.64%,9.42
https://www.agrello.io/post/how-to-create-agrello-templates,6,139,4.32%,8.97
https://www.agrello.io/ua/zvyazhitsia-z-namy,6,75,8%,4.44
https://www.agrello.io/articles/esignature-platforms-comparison,5,31151,0.02%,7.09
https://www.agrello.io/articles/electronic-signature-services,5,13077,0.04%,11.12
https://www.agrello.io/post/agrello-versus-asic-the-benefits-of-preview-functionality,5,1418,0.35%,9.1
https://www.agrello.io/pages/elektrooniline-allkiri,5,714,0.7%,13.39
https://www.agrello.io/post/the-future-of-office-work-four-predictions-for-2026,5,589,0.85%,6.26
https://www.agrello.io/post/agrello-pdftron-your-pdfs-just-got-better,5,585,0.85%,16.27
https://www.agrello.io/post/toolepingu-seaduse-muudatused-ja-mida-see-endaga-kaasa-toob,5,311,1.61%,26.56
https://www.agrello.io/post/jaga-allkirjastamiseks-vajalikud-allkirjad-minutitega-mitte-tundidega,5,213,2.35%,8.19
https://www.agrello.io/posts/e-parakstu-tehnologija,5,190,2.63%,7.66
https://www.agrello.io/post/choosing-between-free-and-paid-e-signature-tools-a-comparison,4,6130,0.07%,37.93
https://www.agrello.io/post/sme-digital-transformation-practical-steps-for-european-smes-in-2025,4,1835,0.22%,5.22
https://www.agrello.io/post/how-can-large-language-models-help-with-contract-management,4,1578,0.25%,21.23
https://www.agrello.io/post/agrello-now-supports-swedish-bankid,4,1570,0.25%,18.6
https://www.agrello.io/ee/automatiseeri-oma-ettevotte-toolepingud,4,1276,0.31%,3.71
https://www.agrello.io/post/from-paperwork-to-smart-contracts---how-ai-and-rpa-transform-hr-contract-management,4,1106,0.36%,9.8
https://www.agrello.io/pages/digital-signature,4,618,0.65%,16.85
https://www.agrello.io/post/digiallkirjastamine-agrelloga-mida-see-tegelikult-tahendab,4,513,0.78%,17.81
https://www.agrello.io/posts/mis-on-asic-konteiner-ja-xades-allkiri,4,239,1.67%,8.65
https://www.agrello.io/post/kopigot-lai-parakstitos-nepieciesamie-paraksti-minutes-nevis-stundas,4,178,2.25%,8.85
https://www.agrello.io/post/celvedis-hr-specialistiem-ka-veiksmigi-tikt-gala-ar-algu-parskatisanu,4,20,20%,8.75
https://www.agrello.io/digital-signing/e-signing-of-word-document,3,25432,0.01%,62.37
https://www.agrello.io/process-automations/document-automation-future-trends-you-need-to-know,3,4088,0.07%,45.27
https://www.agrello.io/pages/electronic-signature,3,2249,0.13%,45
https://www.agrello.io/post/contract-catastrophes-top-mistakes-to-avoid-in-your-contracts,3,1861,0.16%,21.9
https://www.agrello.io/post/kuidas-oma-lepinguid-efektiivselt-ule-vaadata-ja-kinnitada,3,1177,0.25%,8.49
https://www.agrello.io/post/agrello-introduces-support-for-latvias-eparaksts-and-enhances-document-search-functionality,3,928,0.32%,6.17
https://www.agrello.io/post/bulk-creation-of-documents,3,612,0.49%,46.3
https://www.agrello.io/case-study/case-study-how-agrello-saved-a-weeks-worth-of-manual-work-for-smarten-logistics-hr-department,3,268,1.12%,11.68
https://www.agrello.io/pages/management,3,203,1.48%,11.92
https://www.agrello.io/post/the-next-step-in-document-automation-agrello-in-zapier,3,183,1.64%,34.26
https://www.agrello.io/posts/kas-ir-pades-paraksts,3,171,1.75%,16.64
https://www.agrello.io/post/liguma-parakstisana-bez-ta-izprasanas-celvedis-gudrajiem-profesionaliem,3,167,1.8%,5.18
https://www.agrello.io/post/paberimajandusest-nutilepinguteni-kuidas-tehisintellekt-ja-rpa-muudavad-hrilepinguhaldust,3,162,1.85%,8.15
https://www.agrello.io/post/jumalaga-juristid-kas-nuud-hakkame-lepinguid-looma-tehisintellekti-abil,3,152,1.97%,14.34
https://www.agrello.io/post/10-pohjust-miks-valida-agrello-oma-lepingute-digitaalseks-haldamiseks,3,125,2.4%,6.6
https://www.agrello.io/post/muudetavad-lepingupohjad-agrello-platvormil,3,107,2.8%,8.33
https://www.agrello.io/post/miks-koolid-valivad-e-allkirjastamise-ja-lepingu-halduse-tarkvaraks-agrello,3,83,3.61%,8.66
https://www.agrello.io/post/loo-asic-konteiner-kasutades-mitut-erinevat-lepingupohja,3,80,3.75%,13.14
https://www.agrello.io/posts/e-allkirja-tehnoloogia,3,69,4.35%,11.13
https://www.agrello.io/post/year-2022-in-review,3,65,4.62%,22.4
https://www.agrello.io/posts/ligumu-sabloni-paatrina-biznesu,3,64,4.69%,8.53
https://www.agrello.io/post/pane-nutikratt-lepingukuhja-labi-narima,3,45,6.67%,23.64
https://www.agrello.io/post/are-your-digital-contracts-secure-a-look-into-e-signature-security,2,4089,0.05%,55.35
https://www.agrello.io/post/how-to-put-your-contracts-on-autopilot-a-small-business-template-playbook-for-2025,2,2833,0.07%,10.58
https://www.agrello.io/digital-signing/digital-signing-of-documents,2,2733,0.07%,63.86
https://www.agrello.io/post/how-to-simplify-e-signing-for-remote-teams,2,1369,0.15%,20.85
https://www.agrello.io/post/new-year-new-contracting-resolutions-setting-digital-contracting-goals-for-2025,2,1221,0.16%,19.38
https://www.agrello.io/posts/e-signature-technology,2,986,0.2%,32.34
https://www.agrello.io/pages/allkirjastamine,2,832,0.24%,26.72
https://www.agrello.io/post/organising-incoming-contracts-effectively,2,702,0.28%,42.26
https://www.agrello.io/posts/mis-on-e-allkirjad,2,541,0.37%,8.64
https://www.agrello.io/case-study/kuidas-hallata-suure-kliendibaasiga-seotud-lepinguid-efektiivsemalt,2,347,0.58%,39.07
https://www.agrello.io/ee/paketid-ja-hinnad,2,318,0.63%,7.68
https://www.agrello.io/post/milleks-on-vaja-lepingute-allkirjastamiseks-eraldi-platvormi,2,312,0.64%,7.65
https://www.agrello.io/post/overview-of-agrellos-e-signature-coverage,2,299,0.67%,10.62
https://www.agrello.io/post/agrello-versus-asic-kuidas-panna-inimesed-pariselt-dokumente-enne-allkirjastamist-labi-lugema,2,245,0.82%,8.72
https://www.agrello.io/post/ligumu-parakstisanas-maksla-darijuma-noslegsana-bez-piepules,2,202,0.99%,6.44
https://www.agrello.io/post/loo-lepingupohja-kasutades-hulgaliselt-dokumente,2,201,1%,7.72
https://www.agrello.io/posts/tekhnologiya-elektronnykh-pidpysiv,2,191,1.05%,12.23
https://www.agrello.io/process-automations/top-document-management-systems-for-smes-in-2024-a-comprehensive-guide,2,191,1.05%,48.07
https://www.agrello.io/topics/avtomatizatsiya-dokumentiv,2,183,1.09%,10.36
https://www.agrello.io/posts/shcho-take-asic-konteyner-ta-xades-pidpys,2,169,1.18%,7.9
https://www.agrello.io/posts/kas-ir-asic-konteiners-un-xades-paraksts,2,146,1.37%,9.6
https://www.agrello.io/pages/zapier,2,143,1.4%,18.8
https://www.agrello.io/post/novembri-konverentsid,2,133,1.5%,14.63
https://www.agrello.io/posts/tehisintellekti-tehnoloogiad-dokumendiautomaatika-taga,2,131,1.53%,17.31
https://www.agrello.io/post/kuidas-valtida-lepinguhaldusega-seotud-riske,2,124,1.61%,9.69
https://www.agrello.io/post/a-busy-november-full-of-conferences,2,122,1.64%,25.45
https://www.agrello.io/post/vienkarss-un-atrs-veids-ka-parakstit-parrobezu-ligumus,2,94,2.13%,8.51
https://www.agrello.io/post/par-elektroniskajiem-un-digitalajiem-parakstiem,2,91,2.2%,6.26
https://www.agrello.io/post/share-to-sign-required-signatures-in-minutes-not-hours,2,90,2.22%,11.63
https://www.agrello.io/post/ka-sagatavot-simtiem-dokumentu-parakstisanai-ar-agrello-un-excel,2,82,2.44%,8.99
https://www.agrello.io/post/agrello-pievieno-atbalstu-latvijas-edoc-e-paraksta-formatam,2,77,2.6%,6.73
https://www.agrello.io/post/digitalie-paraksti-dzivibu-glabjosha-tehnologija,2,69,2.9%,4.91
https://www.agrello.io/post/agrellos-product-updates-ai-document-scanning-one-click-export-and-enhanced-zapier-integration,2,64,3.12%,25.78
https://www.agrello.io/posts/maksliga-intelekta-tehnologijas-dokumentu-automatizacija,2,61,3.28%,11.46
https://www.agrello.io/posts/dokumentu-automatizacija-nozaru-pielietojumi,2,58,3.45%,13.71
https://www.agrello.io/post/muugilepingute-automatiseerimise-viisid,2,46,4.35%,16.83
https://www.agrello.io/post/kuidas-proto-avastuskeskuse-personalitiim-muutis-lepingute-halduse-lihtsaks-ja-stressivabaks,2,43,4.65%,7.51
https://www.agrello.io/posts/mitme-failiga-dokumentide-kasutamine-asic,2,28,7.14%,6.43
https://www.agrello.io/posts/what-is-eidas,1,2471,0.04%,7.38
https://www.agrello.io/case-studies,1,1569,0.06%,5.5
https://www.agrello.io/articles/define-e-signature,1,1128,0.09%,25.2
https://www.agrello.io/posts/document-automation-roi-calculator,1,1025,0.1%,6.03
https://www.agrello.io/posts/shcho-take-elektronnyi-pidpys,1,567,0.18%,51.96
https://www.agrello.io/pages/toote-omadused,1,412,0.24%,23.59
https://www.agrello.io/posts/kas-ir-e-paraksti,1,407,0.25%,16.74
https://www.agrello.io/pages/general,1,404,0.25%,12.37
https://www.agrello.io/posts/pdf-asic-edoc-izvades-formata-izvele,1,377,0.27%,7.28
https://www.agrello.io/posts/document-automation-integration-strategies,1,353,0.28%,12.93
https://www.agrello.io/posts/dokumentu-automatizacijas-integracijas-strategijas,1,345,0.29%,41.52
https://www.agrello.io/posts/bulk-creation-of-documents,1,275,0.36%,16.05
https://www.agrello.io/pages/contract-management,1,265,0.38%,22.37
https://www.agrello.io/pages/features,1,241,0.41%,10.27
https://www.agrello.io/pages/lepingutest,1,239,0.42%,8.28
https://www.agrello.io/pages/digital-identity,1,164,0.61%,46.7
https://www.agrello.io/post/year-2021-in-review,1,151,0.66%,49.43
https://www.agrello.io/post/5-nouannet-agrello-kasutamiseks-kaugtood-tegevatele-meeskondadele,1,139,0.72%,9.31
https://www.agrello.io/articles/digital-signature-generator,1,125,0.8%,9.55
https://www.agrello.io/post/kasuta-oma-tootajate-aega-efektiivsemalt,1,121,0.83%,8.36
https://www.agrello.io/post/qualified-electronic-signatures-now-on-agrello,1,113,0.88%,18.6
https://www.agrello.io/post/aizsargajiet-savus-pdf-dokumentus-ar-pades-parakstiem,1,111,0.9%,7.13
https://www.agrello.io/ee/kiirem-asjaajamine-logistikaettevotetele,1,105,0.95%,39.92
https://www.agrello.io/post/meet-editable-templates-more-power-and-flexibility-in-automating-your-contract-process,1,99,1.01%,15.11
https://www.agrello.io/post/first-steps-in-agrello,1,97,1.03%,10.19
https://www.agrello.io/ee/blogi,1,96,1.04%,9.47
https://www.agrello.io/posts/shcho-take-upravlinnya-dohovoramy,1,91,1.1%,13.14
https://www.agrello.io/posts/dokumentu-automatizacijas-ieviesanas-celvedis,1,90,1.11%,39.16
https://www.agrello.io/posts/using-comments-document-review-feedback,1,88,1.14%,7.32
https://www.agrello.io/posts/shablony-dogovoriv-pryskoryuyut-biznes,1,88,1.14%,9.15
https://www.agrello.io/posts/managing-documents-with-folders,1,86,1.16%,28.6
https://www.agrello.io/post/setting-up-your-agrello-account-a-step-by-step-guide,1,81,1.23%,6.23
https://www.agrello.io/post/kapec-vajadzetu-parakstit-pardosanas-ligumus,1,80,1.25%,7.81
https://www.agrello.io/topics/agrello-funkcijas,1,78,1.28%,6.73
https://www.agrello.io/pages/contracts,1,76,1.32%,8.46
https://www.agrello.io/posts/strategiyi-integratsiyi-avtomatyzatsiyi-dokumentiv,1,69,1.45%,12.36
https://www.agrello.io/posts/creating-a-document-for-signing,1,68,1.47%,8.97
https://www.agrello.io/post/collaborating-with-your-team-in-agrello,1,66,1.52%,8.21
https://www.agrello.io/post/milleks-solmida-muugilepinguid,1,66,1.52%,9.95
https://www.agrello.io/posts/kuidas-dokumenti-allkirjastada,1,63,1.59%,9.08
https://www.agrello.io/post/ways-to-increase-sme-productivity-with-a-contract-signing-platform,1,63,1.59%,15.71
https://www.agrello.io/posts/dokumendi-saatmine-allkirjastamiseks,1,61,1.64%,7.23
https://www.agrello.io/posts/dokumendiautomaatika-roi-kalkulaator,1,56,1.79%,15.59
https://www.agrello.io/post/digitala-parakstisana-jurista-skatijuma,1,55,1.82%,6.69
https://www.agrello.io/pages/jagamine,1,52,1.92%,21.62
https://www.agrello.io/topics/upravlinnya-kontraktamy,1,45,2.22%,9.91
https://www.agrello.io/post/introducing-exciting-new-features-simplified-asic-container-creation-from-multiple-template-files-and-powerful-document-editing,1,45,2.22%,22.93
https://www.agrello.io/posts/posibnyk-iz-vprovadzhennia-avtomatyzatsii-dokumentiv,1,41,2.44%,22.9
https://www.agrello.io/post/ka-dokumentu-kartiba-un-elektroniskie-paraksti-ietekme-vdi-parbaudi,1,33,3.03%,6.39
https://www.agrello.io/post/no-papira-uz-viedajiem-ligumiem---ka-ai-un-rpa-maina-hr-ligumu-parvaldibu,1,33,3.03%,38.61
https://www.agrello.io/posts/yak-stvoryty-shablony-agrello,1,32,3.12%,16.78
https://www.agrello.io/posts/inviting-team-members-workspace-setup,1,29,3.45%,7.28
https://www.agrello.io/post/kontoritoo-tulevik-neli-ennustust-aastaks-2026,1,27,3.7%,15.04
https://www.agrello.io/post/what-level-signatures-can-you-give-on-agrello-platform,1,25,4%,5.28
https://www.agrello.io/post/miks-kasutada-agrellot-ja-kuidas-alustada-nutika-digiallkirjastamisega,1,23,4.35%,12.61
https://www.agrello.io/post/automatiseeri-lepingute-loomise-protsess-labi-agrello-ja-pipedrivei-integratsiooni,1,23,4.35%,18.39
https://www.agrello.io/post/dokumentide-hulgiloome-agrellos-kasutades-exceli-andmeid,1,20,5%,8.05
https://www.agrello.io/posts/maybutnie-ofisnoyi-roboti-chotiri-prognozi-na-2026-rik,1,20,5%,10
https://www.agrello.io/posts/mis-on-lepinguhaldus,1,18,5.56%,6.11
https://www.agrello.io/post/the-id-web-app-3-1-makes-signing-easier,1,17,5.88%,10.53
https://www.agrello.io/posts/darbs-ar-vairaku-failu-dokumentiem-asic,1,16,6.25%,5.5
https://www.agrello.io/posts/parakstisanas-problemu-risinasana,1,14,7.14%,5.64
https://www.agrello.io/topics/e-allkirjad,1,13,7.69%,12.08
https://www.agrello.io/posts/agrello-konta-izveide,1,13,7.69%,42.08
https://www.agrello.io/posts/mallide-loomine,1,12,8.33%,4.17
https://www.agrello.io/post/enhanced-signature-field-management-and-bulk-sign-reminders,1,12,8.33%,4.67
https://www.agrello.io/pages/darba-uzsaksana-ar-agrello,1,12,8.33%,5.75
https://www.agrello.io/posts/robota-z-bahatofaylovymy-dokumentamy-asic,1,12,8.33%,6.42
https://www.agrello.io/post/agrello-tagad-atbalsta-zviedrijas-bankid,1,7,14.29%,4.57
https://www.agrello.io/post?b1fee907_page=2,1,7,14.29%,4.71
https://www.agrello.io/posts/ar-haosu-uz-skaidribu-ka-organizet-un-sekot-ligumiem,1,7,14.29%,6.71
https://www.agrello.io/pages/ligumu-parvaldiba,1,7,14.29%,17.57
https://www.agrello.io/lv/e-paraksti,1,5,20%,4.2
https://www.agrello.io/post?b1fee907_page=8&e71af86c_page=7,1,4,25%,34.25
https://www.agrello.io/blog/ua?beb2f1a8_page=3,1,1,100%,8
https://www.agrello.io/blog/et?beb2f1a8_page=4,1,1,100%,25
https://www.agrello.io/post/contract-management-risks-overcoming-obstacles-and-fostering-successful-business-relationships,0,9300,0%,57
https://www.agrello.io/digital-signing/are-electronic-signatures-legally-binding,0,5135,0%,74.45
https://www.agrello.io/digital-signing/electronic-signing-of-documents,0,3527,0%,59.42
https://www.agrello.io/articles/esignature-tools,0,3469,0%,9.05
https://www.agrello.io/post/from-deals-to-contracts-integrating-pipedrive-and-agrello-e-signing,0,2414,0%,37.05
https://www.agrello.io/post/allkirjasta-agrello-platvormil-kasutades-smart-id-voi-mobiil-id-lahendusi,0,1162,0%,29.3
https://www.agrello.io/post/managing-our-online-existence,0,1081,0%,6.63
https://www.agrello.io/posts/what-is-contract-management,0,1002,0%,56
https://www.agrello.io/document-and-process-automations,0,635,0%,22.36
https://www.agrello.io/articles/docusign-contract-template,0,533,0%,9.51
https://www.agrello.io/posts/e-signature-options-security-levels-and-authentication-methods,0,528,0%,19.56
https://www.agrello.io/digital-signing/creating-digital-signature,0,440,0%,59.09
https://www.agrello.io/pages/lepingu-elutsukli-haldus,0,408,0%,10.76
https://www.agrello.io/post/automate-document-upload-from-agrello-to-google-drive-with-zapier,0,406,0%,38.76
https://www.agrello.io/articles/certified-digital-signature,0,389,0%,13.4
https://www.agrello.io/articles/electronic-signature-definition-legality-use,0,324,0%,11.85
https://www.agrello.io/posts/document-automation-industry-applications,0,320,0%,16.89
https://www.agrello.io/post/harnessing-e-signatures-for-a-smooth-operational-flow,0,316,0%,56.46
https://www.agrello.io/articles/electronic-signature-programs,0,267,0%,23.27
https://www.agrello.io/posts/ai-technologies-behind-document-automation,0,242,0%,22.42
https://www.agrello.io/topics/contract-management,0,242,0%,41.38
https://www.agrello.io/posts/what-are-e-signatures,0,238,0%,71.81
https://www.agrello.io/posts/organize-track-business-contracts,0,233,0%,29.27
https://www.agrello.io/articles/choosing-digital-signature-service,0,219,0%,8.88
https://www.agrello.io/posts/document-automation-implementation-guide,0,206,0%,5.73
https://www.agrello.io/case-study/case-study-streamlining-the-contract-process-with-agrello,0,191,0%,9.97
https://www.agrello.io/case-study/kuidas-uuendada-300-lepingut-ilma-liigse-manuaalse-pingutuseta,0,186,0%,45.26
https://www.agrello.io/post/introducing-the-set-signing-order-feature-take-full-control-of-your-document-workflow,0,180,0%,24.82
https://www.agrello.io/post/5-pohjust-miks-valida-agrello-elepingu-platvorm,0,175,0%,6.42
https://www.agrello.io/topics/agrello-features,0,165,0%,2.92
https://www.agrello.io/post/the-art-of-contract-signing-sealing-the-deal-with-ease,0,162,0%,26.48
https://www.agrello.io/articles/docusign-demo-guide,0,155,0%,8.79
https://www.agrello.io/post/so-long-lawyers-will-ai-write-the-contracts-for-you,0,149,0%,44.14
https://www.agrello.io/posts/dokumendiautomaatika-integreerimise-strateegiad,0,138,0%,50.86
https://www.agrello.io/pages/product-updates,0,119,0%,11.34
https://www.agrello.io/post/agrello-web-app-3-3-data-rich-digital-signatures,0,113,0%,20.89
https://www.agrello.io/pages/sharing,0,104,0%,21.88
https://www.agrello.io/post/the-id-web-app-3-0-a-right-tool-for-complex-signing-processes,0,99,0%,11.51
https://www.agrello.io/post/how-trust-works-online-verified-digital-signatures,0,98,0%,33.09
https://www.agrello.io/posts/dokumentu-automatizacijas-ia-atdeves-aprekinasana,0,90,0%,28.13
https://www.agrello.io/topics/e-signatures,0,88,0%,5.27
https://www.agrello.io/ee/e-allkirjastamise-platvorm,0,84,0%,6.96
https://www.agrello.io/posts/avtomatyzatsiya-dokumentiv-za-haluziamy-zastosuvannya,0,83,0%,31.42
https://www.agrello.io/post/finding-a-happy-path-when-simple-e-signing-solutions-fall-short-but-enterprise-solutions-seem-overkill,0,82,0%,41.37
https://www.agrello.io/pages/produkta-atjauninajumi,0,74,0%,6.39
https://www.agrello.io/pages/creating-documents-on-agrello,0,70,0%,8.11
https://www.agrello.io/case-study/case-study-managing-employment-contracts-with-agrello,0,67,0%,12.82
https://www.agrello.io/post/dokumentu-parakstisanas-procesu-vienkarsosana-e-parakstu-prieksrocibas,0,61,0%,10.66
https://www.agrello.io/post/milleks-oleks-vaja-lepingute-halduseks-omaette-platvormi,0,60,0%,5.88
https://www.agrello.io/pages/toote-uuendused,0,60,0%,14.63
https://www.agrello.io/posts/streamlining-contract-collaboration,0,59,0%,37.75
https://www.agrello.io/post/lepingu-elutsukli-alguspunkt-lepingu-loomine,0,57,0%,12.51
https://www.agrello.io/post/tippdokumendiautomaatika-tooriistad-aastaks-2025-sujuvam-toovoog,0,57,0%,17.84
https://www.agrello.io/posts/dokumendiautomaatika-toostusharu-rakendused,0,57,0%,18.6
https://www.agrello.io/posts/rozrakhunok-roi-avtomatyzatsiyi-dokumentiv,0,57,0%,31.19
https://www.agrello.io/post/is-your-current-e-signing-solution-holding-you-back-discover-what-features-can-boost-efficiency-and-security,0,56,0%,18.09
https://www.agrello.io/topics/doc-automation,0,54,0%,3.28
https://www.agrello.io/posts/kommentaaride-kasutamine-dokumendi-ulevaatus-tagasiside,0,54,0%,8.52
https://www.agrello.io/post/agrello-for-word-add-in-getting-started,0,49,0%,6.86
https://www.agrello.io/post?5c2b1eb3_page=9,0,49,0%,13.78
https://www.agrello.io/post/korras-dokumendid-ja-toendatav-allkiri---voti-sujuvaks-tooinspektsiooni-kontrolliks,0,48,0%,7.75
https://www.agrello.io/pages/webapp,0,45,0%,4.33
https://www.agrello.io/posts/tekhnolohiyi-shi-dlya-avtomatyzatsiyi-dokumentiv,0,43,0%,9.42
https://www.agrello.io/post/digitaalsed-lepingulahendused-2025-seadke-eesmargid-tohususe-ja-vastavuse-jaoks,0,43,0%,9.6
https://www.agrello.io/ee/kasutuslood,0,43,0%,35.6
https://www.agrello.io/posts/how-to-create-agrello-templates,0,42,0%,10.55
https://www.agrello.io/case-study/broneerimissusteemi-vormide-pohjal-eeltaidetud-lepingute-loomine,0,42,0%,14.21
https://www.agrello.io/post/how-the-proto-discovery-centre-hr-team-made-contract-management-simple-and-stress-free,0,42,0%,24.67
https://www.agrello.io/posts/first-steps-in-agrello,0,40,0%,5.22
https://www.agrello.io/post/simplifying-document-signing-processes-the-magic-of-e-signatures,0,40,0%,15.07
https://www.agrello.io/topics/agrello-mozhlivosti,0,39,0%,5.36
https://www.agrello.io/post/signing-experience-just-got-better,0,39,0%,21.08
https://www.agrello.io/post/release-note-introducing-enhanced-contract-lifecycle-management-and-template-workflows,0,39,0%,64.38
https://www.agrello.io/posts/shareable-template-links-self-service-signing,0,38,0%,5.45
https://www.agrello.io/post/parakstisanas-procesu-evolucija-no-papira-lidz-digitalajiem-parakstiem,0,38,0%,6.05
https://www.agrello.io/posts/keruvannya-dokumentamy-za-dopomogoyu-papok,0,38,0%,11.42
https://www.agrello.io/post/sissetulevate-lepingute-efektiivne-organiseerimine,0,37,0%,13.41
https://www.agrello.io/posts/varianty-e-pidpysiv-rivni-bezpeky-ta-metody-avtentyfikatsii,0,35,0%,7.34
https://www.agrello.io/post/ka-darbojas-uzticamiba-tiessaiste-e-parakstu-juridiskais-pamats,0,34,0%,7.62
https://www.agrello.io/posts/dokumenta-izveide-parakstisanai,0,34,0%,8.59
https://www.agrello.io/posts/dokumendiautomaatika-rakendamise-juhend,0,32,0%,12.84
https://www.agrello.io/case-study/kuidas-agrello-abil-kiiremini-toolepinguid-solmida,0,32,0%,21.97
https://www.agrello.io/post/toolepingutest-lahemalt,0,31,0%,26.61
https://www.agrello.io/topics/security-compliance,0,30,0%,6.97
https://www.agrello.io/pages/digitala-identitate,0,29,0%,39.45
https://www.agrello.io/posts/pdf-asic-edoc-vybir-formatu-vyvedennya,0,28,0%,8.75
https://www.agrello.io/post/kiirem-lepingute-loomine-hulgitoimingute-abil,0,28,0%,16.14
https://www.agrello.io/posts/signer-experience-how-to-sign-document,0,27,0%,5.59
https://www.agrello.io/post?b1fee907_page=3,0,27,0%,7.19
https://www.agrello.io/topics/drosiba-un-atbilstiba,0,27,0%,14.15
https://www.agrello.io/post/should-businesses-stop-using-e-mail,0,27,0%,31.63
https://www.agrello.io/post/vai-jusu-digitalie-ligumi-ir-drosi-ieskats-e-parakstu-drosiba,0,26,0%,11.77
https://www.agrello.io/posts/team-collaboration-workflows-best-practices,0,26,0%,16.15
https://www.agrello.io/posts/agrello-dokumentide-ja-konteinerite-moistmine,0,25,0%,6.36
https://www.agrello.io/post/tiimide-suurimad-valjakutsed-uue-tooriista-kasutusele-votmisel,0,25,0%,7.92
https://www.agrello.io/topics/lepingute-haldus,0,25,0%,12.88
https://www.agrello.io/posts/exporting-template-form-data-csv,0,25,0%,14.04
https://www.agrello.io/post/ka-darbojas-uzticamiba-tiessaiste-verificeti-digitalie-paraksti,0,24,0%,8
https://www.agrello.io/posts/roles-permissions-agrello-workspaces,0,24,0%,9.92
https://www.agrello.io/posts/malli-vormiandmete-eksport-csv,0,24,0%,11.17
https://www.agrello.io/posts/dokumentu-parvaldiba-parakstisanas-dzives-cikla,0,23,0%,5.74
https://www.agrello.io/post/winds-of-change-in-agrello,0,23,0%,6.13
https://www.agrello.io/posts/viklyky-ta-rishennya-upravlinnya-dohovoramy,0,23,0%,7.83
https://www.agrello.io/post/agrello-workspace-muudab-tiimi-koostoo-mugavamaks,0,23,0%,14.74
https://www.agrello.io/topics/agrello-funktsioonid,0,23,0%,16.13
https://www.agrello.io/posts/masove-stvorennya-dokumentiv,0,22,0%,14.14
https://www.agrello.io/post/muudame-allkirjastamise-veel-kiiremaks,0,22,0%,38.14
https://www.agrello.io/articles,0,21,0%,6.14
https://www.agrello.io/post/ka-izveidot-agrello-veidnes,0,21,0%,14.1
https://www.agrello.io/post?5c2b1eb3_page=9&b1fee907_page=8,0,21,0%,31.9
https://www.agrello.io/posts/kas-ir-eidas,0,20,0%,5.55
https://www.agrello.io/ee/automatiseeri-oma-ettevotte-muugilepingud,0,20,0%,16.2
https://www.agrello.io/post/koostoovoimalused-lepingute-ettevalmistamisel,0,20,0%,18.5
https://www.agrello.io/pages/ligumi,0,19,0%,1.37
https://www.agrello.io/posts/using-fillable-fields-data-collection,0,19,0%,7.42
https://www.agrello.io/post?b1fee907_page=10,0,19,0%,34.84
https://www.agrello.io/posts/arilepingute-korraldamine-ja-jalgimine,0,18,0%,6.83
https://www.agrello.io/posts/e-allkirja-valikud-turvatasemed-ja-autentimismeetodid,0,18,0%,9.94
https://www.agrello.io/topics/dokumendiautomaatika,0,18,0%,15
https://www.agrello.io/post/7-lietas-ko-nedarit-izmantojot-chatgpt-juridisko-ligumu-sagatavosanai,0,18,0%,20.11
https://www.agrello.io/posts/shcho-take-eidas,0,17,0%,4.06
https://www.agrello.io/post/uuenenud-agrello-platvorm-mugav-koostoo-suurematele-tiimidele,0,17,0%,9.65
https://www.agrello.io/post?b1fee907_page=6,0,17,0%,10.18
https://www.agrello.io/post?b1fee907_page=13,0,17,0%,10.71
https://www.agrello.io/post/how-trust-works-online-legal-basis-of-e-signatures,0,17,0%,17
https://www.agrello.io/post/agrello-web-app-3-2-brings-spaces,0,17,0%,22.59
https://www.agrello.io/pages/ligumu-dzives-cikla-parvaldiba,0,17,0%,46.24
https://www.agrello.io/topics/dokumentu-automatizacija,0,16,0%,11.31
https://www.agrello.io/knowledge-base?3ce8ba23_page=2,0,16,0%,16.81
https://www.agrello.io/posts/pdf-asic-edoc-valjundi-formaadi-valik,0,15,0%,5.53
https://www.agrello.io/post/5-noderigi-padomi-ka-gudrak-parakstit-ligumus,0,15,0%,7.13
https://www.agrello.io/post/contract-collaboration-for-teams,0,15,0%,7.53
https://www.agrello.io/post/biroja-darba-nakotne-cetras-prognozes-2026-gadam,0,15,0%,8.4
https://www.agrello.io/posts/pdf-asic-edoc-choosing-output-format,0,14,0%,4.43
https://www.agrello.io/posts/dokumentide-haldamine-allkirjastamise-elutsuklis,0,14,0%,6.79
https://www.agrello.io/posts/ligumu-parvaldibas-izaicinajumi-un-risinajumi,0,14,0%,7.14
https://www.agrello.io/posts/allkirjastamise-probleemide-lahendamine,0,14,0%,7.71
https://www.agrello.io/posts/stvorennya-dokumenta-dlya-pidpysu,0,14,0%,17
https://www.agrello.io/blog/lv,0,13,0%,6.54
https://www.agrello.io/post/kvalificetie-elektroniskie-paraksti-tagad-agrello,0,13,0%,7.85
https://www.agrello.io/posts/dokumentu-masveida-izveide,0,13,0%,8.38
https://www.agrello.io/legal/cookie-policy,0,13,0%,18.31
https://www.agrello.io/post?b1fee907_page=5,0,13,0%,18.38
https://www.agrello.io/post/popularakie-dokumentu-automatizacijas-riki-2025-gadam-vienkarsojiet-savu-darba-plusmu,0,13,0%,36.92
https://www.agrello.io/posts/lepingumallid-kiirendavad-ari,0,12,0%,5.5
https://www.agrello.io/post/parrobezu-liguma-parakstisana-starp-apvienoto-karalisti-un-igauniju,0,12,0%,6.83
https://www.agrello.io/posts/dokumentide-haldamine-kaustadega,0,12,0%,9.33
https://www.agrello.io/themes/templates,0,12,0%,10.75
https://www.agrello.io/post/komandas-sadarbiba-agrello-platforma,0,12,0%,32.08
https://www.agrello.io/posts/streamlining-contract-collaboration-ac53d,0,12,0%,36.17
https://www.agrello.io/posts/meeskonna-liikmed-ja-tooruumid,0,11,0%,8.09
https://www.agrello.io/post/3-veiksmes-stasti-ka-parakstit-ligumus-atrak,0,11,0%,10.27
https://www.agrello.io/pages/izplatita-virsgramata,0,11,0%,28.55
https://www.agrello.io/ee/blogi?5d3e723e_page=8,0,11,0%,29.09
https://www.agrello.io/post/csv-export-for-agrello-forms---eliminate-manual-data-entry,0,10,0%,4.2
https://www.agrello.io/newsletter/agrello-product-updates----october-2025,0,10,0%,6
https://www.agrello.io/post/agrello-timekla-lietotne-3-3-datu-bagati-digitalie-paraksti,0,10,0%,7.5
https://www.agrello.io/post/veidi-ka-palielinat-mvu-produktivitati-ar-ligumu-platformu,0,10,0%,7.6
https://www.agrello.io/blog/et,0,10,0%,17.6
https://www.agrello.io/posts/streamlining-contract-collaboration-f1309,0,10,0%,33.1
https://www.agrello.io/posts/streamlining-contract-collaboration-1f865,0,10,0%,41.2
https://www.agrello.io/post?5c2b1eb3_page=4,0,10,0%,41.7
https://www.agrello.io/post/kada-limena-parakstus-var-dot-agrello-platforma,0,9,0%,4.67
https://www.agrello.io/posts/mis-on-eidas,0,9,0%,4.78
https://www.agrello.io/posts/keruvannya-dokumentamy-cherez-zhyttyevyy-tsykl-pidpysu,0,9,0%,5.11
https://www.agrello.io/posts/vyrishennya-problem-protsesu-pidpysannya,0,9,0%,5.44
https://www.agrello.io/posts/e-paraksta-opcijas-drosibas-limeni-un-autentifikacijas-metodes,0,9,0%,11.89
https://www.agrello.io/posts/konto-loomine,0,9,0%,31.33
https://www.agrello.io/post/tagasivaade-2022-aastale,0,9,0%,39.67
https://www.agrello.io/ee/blogi?0e7abd34_page=6&7d7489dc_page=10&d22d0829_page=6,0,9,0%,83
https://www.agrello.io/posts/shcho-take-pades-pidpys#pades,0,8,0%,2.38
https://www.agrello.io/posts/shcho-take-pades-pidpys#pades-1,0,8,0%,2.38
https://www.agrello.io/posts/shcho-take-pades-pidpys#section-2,0,8,0%,2.38
https://www.agrello.io/blog/ua,0,8,0%,3.25
https://www.agrello.io/post/creating-folders-in-agrello,0,8,0%,5.12
https://www.agrello.io/posts/masove-stvorennia-dokumentiv-v-agrello,0,8,0%,5.88
https://www.agrello.io/posts/jagatavad-malli-lingid-iseteeninduslik-allkirjastamine,0,8,0%,6.38
https://www.agrello.io/post/pirmie-soli-agrello-platforma,0,8,0%,7.12
https://www.agrello.io/posts/ka-izveidot-agrello-sagataves,0,8,0%,7.75
https://www.agrello.io/posts/rollid-ja-oigused-agrello-tooruumides,0,8,0%,9
https://www.agrello.io/themes/koostoo,0,8,0%,23.12
https://www.agrello.io/posts/eksport-danykh-form-shabloniv-csv,0,7,0%,5.86
https://www.agrello.io/newsletter/may-2025,0,7,0%,7.57
https://www.agrello.io/themes/documents,0,7,0%,7.57
https://www.agrello.io/post?5c2b1eb3_page=6,0,7,0%,8.29
https://www.agrello.io/posts/aizpildamu-lauku-izmantosana-datu-vaksanai,0,7,0%,8.29
https://www.agrello.io/post/veiksmiga-risinajuma-atrasana-e-parakstisanas-risinajumu-salidzinajums,0,7,0%,9.29
https://www.agrello.io/themes/allkirjastamine,0,7,0%,10
https://www.agrello.io/post?5c2b1eb3_page=9&b1fee907_page=7,0,7,0%,11.86
https://www.agrello.io/posts/dokumentu-parvaldiba-ar-mapem,0,7,0%,12.29
https://www.agrello.io/post?b1fee907_page=12,0,7,0%,14.57
https://www.agrello.io/posts/organizuyte-ta-vidstezhuite-dogovory-biznesu,0,7,0%,16.29
https://www.agrello.io/post/agrello-vormide-csv-eksport---aitab-manuaalsest-andmesisestusest,0,7,0%,17.43
https://www.agrello.io/post?b1fee907_page=8,0,7,0%,19.43
https://www.agrello.io/post?5c2b1eb3_page=3,0,7,0%,23.43
https://www.agrello.io/posts/yak-uniknuty-vuzkykh-mists-gid-z-efektyvnoyi-spivpratsi-nad-dohovoramy,0,7,0%,30.57
https://www.agrello.io/themes/pochatok-roboty,0,6,0%,2.83
https://www.agrello.io/posts/malli-formas-datu-eksports-csv,0,6,0%,4.33
https://www.agrello.io/posts/komentaru-izmantosana-dokumentu-parskatam-atsauksmem,0,6,0%,5
https://www.agrello.io/posts/meeskonna-koostoo-toovood-parimad-tavad,0,6,0%,5
https://www.agrello.io/post/vai-digitalie-paraksti-ir-derigi-apvienotaja-karaliste,0,6,0%,7
https://www.agrello.io/posts/komandna-spivpratsya-robochi-protsesy-krashchi-praktyky,0,6,0%,8
https://www.agrello.io/post?b1fee907_page=5&e71af86c_page=7,0,6,0%,8.5
https://www.agrello.io/themes/alustamine,0,6,0%,14
https://www.agrello.io/lv/blogs?9972f8ff_page=2,0,6,0%,21
https://www.agrello.io/themes/dokumenti,0,6,0%,27
https://www.agrello.io/posts/sastregumu-beigas-ka-padarit-ligumu-sadarbibu-pludenu,0,6,0%,49.83
https://www.agrello.io/blog/en,0,5,0%,3.6
https://www.agrello.io/post/agrello-konta-iestatisana,0,5,0%,5.2
https://www.agrello.io/posts/what-is-pades-signature#digital-signature-vs-electronic-signature,0,5,0%,5.6
https://www.agrello.io/posts/what-is-pades-signature#how-does-a-pades-digital-signature-work,0,5,0%,5.6
https://www.agrello.io/posts/what-is-pades-signature#what-is-pades,0,5,0%,5.6
https://www.agrello.io/post/e-parakstu-izmantosana-raitas-darbplumas-nodrosinasanai,0,5,0%,5.8
https://www.agrello.io/post/signing-a-document-on-your-mobile,0,5,0%,5.8
https://www.agrello.io/post/saciet-savu-biznesu-pareizi-ar-agrello-e-parakstu-platformu,0,5,0%,6.8
https://www.agrello.io/post/product-update-youve-been-invited,0,5,0%,7
https://www.agrello.io/post?5c2b1eb3_page=2&b1fee907_page=5,0,5,0%,7.6
https://www.agrello.io/post/vai-jusu-pasreizejais-e-parakstisanas-risinajums-jus-bremze-efektivitates-uzlabosana,0,5,0%,8.2
https://www.agrello.io/posts/pershi-kroky-v-agrello,0,5,0%,8.4
https://www.agrello.io/posts/troubleshooting-signing-process-issues,0,5,0%,17.2
https://www.agrello.io/post?5c2b1eb3_page=9&b1fee907_page=5,0,5,0%,18.6
https://www.agrello.io/ee/blogi?7d7489dc_page=7,0,5,0%,23
https://www.agrello.io/topics/turvalisus-ja-nouetele-vastavus,0,5,0%,36
https://www.agrello.io/ee/blogi?5d3e723e_page=8&79a9c5c1_page=2&d22d0829_page=6,0,5,0%,45.8
https://www.agrello.io/ee/blogi?5d3e723e_page=5,0,5,0%,52.4
https://www.agrello.io/ee/blogi?7d7489dc_page=3,0,5,0%,58.8
https://www.agrello.io/posts/nalashtuvannya-oblikovogo-zapysu-agrello,0,5,0%,60.6
https://www.agrello.io/post?5c2b1eb3_page=8&b1fee907_page=1,0,4,0%,2.5
https://www.agrello.io/post?5c2b1eb3_page=5&b1fee907_page=4,0,4,0%,3.25
https://www.agrello.io/posts/setting-up-your-agrello-account,0,4,0%,3.75
https://www.agrello.io/themes/veidnes,0,4,0%,3.75
https://www.agrello.io/themes/sadarbiba,0,4,0%,4.25
https://www.agrello.io/post/agrello-platform-updates-streamlining-collaboration-for-growing-teams,0,4,0%,4.75
https://www.agrello.io/posts/vykorystannya-zapovnyuvanykh-poliv-dlya-zboru-danykh,0,4,0%,5
https://www.agrello.io/newsletters/agrello-newsletter-november-2024,0,4,0%,5.5
https://www.agrello.io/post?5c2b1eb3_page=9&b1fee907_page=6,0,4,0%,5.5
https://www.agrello.io/post?5c2b1eb3_page=7,0,4,0%,6.25
https://www.agrello.io/post/workspaces-for-more-efficient-teamwork,0,4,0%,6.75
https://www.agrello.io/posts/working-with-multi-file-documents-asic,0,4,0%,6.75
https://www.agrello.io/post?5c2b1eb3_page=9&b1fee907_page=3,0,4,0%,7.5
https://www.agrello.io/posts/understanding-agrello-documents-and-containers,0,4,0%,7.5
https://www.agrello.io/topics/security-compliance?8df93dcd_page=2,0,4,0%,8.5
https://www.agrello.io/post/agrello-izmantosana-tradicionalo-parakstisanas-metozu-vieta,0,4,0%,9.5
https://www.agrello.io/posts/what-is-asic-container-and-xades-signature#what-is-an-asic-container,0,4,0%,11.5
https://www.agrello.io/posts/what-is-asic-container-and-xades-signature#what-is-xades-xml-advanced-electronic-signature,0,4,0%,11.5
https://www.agrello.io/blog/lv?beb2f1a8_page=2&c790c0ca_page=8,0,4,0%,12.75
https://www.agrello.io/themes/dokumendid,0,4,0%,21
https://www.agrello.io/ee/blogi?7d7489dc_page=2,0,4,0%,25.5
https://www.agrello.io/lv/blogs?9972f8ff_page=5,0,4,0%,31
https://www.agrello.io/posts/streamlining-contract-collaboration-d56e6,0,4,0%,46
https://www.agrello.io/post/what-are-document-templates-in-agrello,0,3,0%,4.33
https://www.agrello.io/ee/blogi?5d3e723e_page=3,0,3,0%,5.67
https://www.agrello.io/post?5c2b1eb3_page=5,0,3,0%,6.67
https://www.agrello.io/themes/collaboration,0,3,0%,8.33
https://www.agrello.io/lv/blogs?9972f8ff_page=4,0,3,0%,8.67
https://www.agrello.io/post?b1fee907_page=7,0,3,0%,10
https://www.agrello.io/ee/blogi?5d3e723e_page=7,0,3,0%,30.33
https://www.agrello.io/ee/blogi?5d3e723e_page=6,0,3,0%,41.33
https://www.agrello.io/ee/blogi?7d7489dc_page=4,0,3,0%,56.33
https://www.agrello.io/ee/blogi?5d3e723e_page=10,0,3,0%,72.67
https://www.agrello.io/how-to/sign-any-document-online,0,2,0%,1
https://www.agrello.io/post?5c2b1eb3_page=8,0,2,0%,1
https://www.agrello.io/themes/spivpratsya,0,2,0%,3.5
https://www.agrello.io/blog/et?c790c0ca_page=4,0,2,0%,4
https://www.agrello.io/blog/lv?beb2f1a8_page=3&c790c0ca_page=6,0,2,0%,4
https://www.agrello.io/post?5c2b1eb3_page=2&b1fee907_page=12&e71af86c_page=7,0,2,0%,4
https://www.agrello.io/blog/en?beb2f1a8_page=3&c790c0ca_page=8,0,2,0%,4.5
https://www.agrello.io/posts/lomas-un-atlaujas-agrello-darba-telpas,0,2,0%,4.5
https://www.agrello.io/posts/agrello-dokumentu-un-konteineru-izpratne,0,2,0%,5
https://www.agrello.io/posts/komandas-sadarbibas-darba-plusmas-labakas-prakses,0,2,0%,5
https://www.agrello.io/posts/rozuminnya-dokumentiv-ta-konteineriv-agrello,0,2,0%,5
https://www.agrello.io/posts/dokumentide-hulgiloomine,0,2,0%,5.5
https://www.agrello.io/posts/zaproshennya-chleniv-komandy-nalashtuvannya-robochoho-prostoru,0,2,0%,5.5
https://www.agrello.io/themes/darba-saksana,0,2,0%,6
https://www.agrello.io/blog/et?beb2f1a8_page=3&c790c0ca_page=4,0,2,0%,7
https://www.agrello.io/post?5c2b1eb3_page=2,0,2,0%,7
https://www.agrello.io/post?5c2b1eb3_page=11,0,2,0%,7.5
https://www.agrello.io/posts/esimesed-sammud-agrellos,0,2,0%,7.5
https://www.agrello.io/posts/spilni-posilannya-na-shablony-samoobsluhovuvannya-pidpysu,0,2,0%,8.5
https://www.agrello.io/blog/et?beb2f1a8_page=3&c790c0ca_page=2,0,2,0%,9
https://www.agrello.io/post?5c2b1eb3_page=6&b1fee907_page=9,0,2,0%,9
https://www.agrello.io/blog/et?beb2f1a8_page=4&c790c0ca_page=10,0,2,0%,9.5
https://www.agrello.io/post?b1fee907_page=9,0,2,0%,24.5
https://www.agrello.io/themes/signing-process,0,2,0%,25
https://www.agrello.io/themes/mallid,0,2,0%,38
https://www.agrello.io/ee/blogi?0e7abd34_page=2&5d3e723e_page=9&79a9c5c1_page=2,0,2,0%,40
https://www.agrello.io/ee/blogi?5d3e723e_page=2,0,2,0%,41
https://www.agrello.io/ee/blogi?7d7489dc_page=9,0,2,0%,44
https://www.agrello.io/ee/blogi?9972f8ff_page=3,0,2,0%,44.5
https://www.agrello.io/blog/lv?beb2f1a8_page=4&c790c0ca_page=6,0,2,0%,47
https://www.agrello.io/ee/blogi?9972f8ff_page=4,0,2,0%,47
https://www.agrello.io/ee/blogi?7d7489dc_page=13,0,2,0%,53
https://www.agrello.io/ee/blogi?8ca2daa2_page=3,0,2,0%,57
https://www.agrello.io/ee/blogi?7d7489dc_page=12,0,2,0%,57.5
https://www.agrello.io/ee/blogi?5d3e723e_page=11,0,2,0%,58.5
https://www.agrello.io/ee/blogi?5d3e723e_page=12&79a9c5c1_page=2&d22d0829_page=6,0,2,0%,72.5
https://www.agrello.io/ee/blogi?7d7489dc_page=11,0,2,0%,91.5
https://www.agrello.io/ee/blogi?7d7489dc_page=10&8ca2daa2_page=7,0,2,0%,117
https://www.agrello.io/automate-company-employment-contracts,0,1,0%,1
https://www.agrello.io/post/7-things-not-to-do-when-using-chatgpt-for-legal-contract-drafting/,0,1,0%,1
https://www.agrello.io/post/parakstisanas-pieredze-kluvusi-vel-labaka,0,1,0%,1
https://www.agrello.io/post/signing-a-contract-without-understanding-it-a-guide-for-savvy-professionals/,0,1,0%,1
https://www.agrello.io/posts/pades-signature,0,1,0%,1
https://www.agrello.io/ee/blogi?5d3e723e_page=4,0,1,0%,2
https://www.agrello.io/posts/kopdaligas-sagataves-saites-pasapkalposanas-parakstisanai,0,1,0%,2
https://www.agrello.io/ee/blogi?7d7489dc_page=10,0,1,0%,3
https://www.agrello.io/post?79a9c5c1_page=3&b1fee907_page=7&e71af86c_page=2,0,1,0%,3
https://www.agrello.io/posts/kas-ir-ligumu-parvaldiba#biznesa-pamatojums-slikti-p%C4%81rvald%C4%ABtu-l%C4%ABgumu-izmaksas,0,1,0%,3
https://www.agrello.io/posts/kas-ir-ligumu-parvaldiba#ieguvumi-k%C4%81p%C4%93c-v%C4%93rts-ieviest-clm,0,1,0%,3
https://www.agrello.io/posts/pirmie-soli-agrello,0,1,0%,3
https://www.agrello.io/themes/protses-pidpysannia,0,1,0%,3
https://www.agrello.io/ee/blogi?0e7abd34_page=6&7d7489dc_page=4&d22d0829_page=6,0,1,0%,4
https://www.agrello.io/ee/blogi?5d3e723e_page=10&79a9c5c1_page=2&d22d0829_page=6,0,1,0%,4
https://www.agrello.io/post/lielakie-izaicinajumi-komandu-darba-ar-jauniem-digitaliem-rikiem,0,1,0%,4
https://www.agrello.io/post?5c2b1eb3_page=2&b1fee907_page=7&e71af86c_page=7,0,1,0%,4
https://www.agrello.io/post?b1fee907_page=1,0,1,0%,4
https://www.agrello.io/topics/agrello-funktsioonid?beadf752_page=2,0,1,0%,4
https://www.agrello.io/post?5c2b1eb3_page=8&b1fee907_page=6,0,1,0%,5
https://www.agrello.io/blog/ua?beb2f1a8_page=2,0,1,0%,6
https://www.agrello.io/lv/blogs?9972f8ff_page=6,0,1,0%,6
https://www.agrello.io/topics/contract-managemen,0,1,0%,6
https://www.agrello.io/posts/ka-parakstit-dokumentu,0,1,0%,7
https://www.agrello.io/posts/taietatavate-valjadega-andmete-kogumine,0,1,0%,7
https://www.agrello.io/themes/shablony,0,1,0%,7
https://www.agrello.io/topics/e-paraksti,0,1,0%,7
https://www.agrello.io/post?5c2b1eb3_page=2&b1fee907_page=11&e71af86c_page=7,0,1,0%,8
https://www.agrello.io/posts/dosvid-pidpysanta-yak-pidpysaty-dokument,0,1,0%,8
https://www.agrello.io/pages/funkcijas,0,1,0%,9
https://www.agrello.io/posts/kas-ir-asic-konteiners-un-xades-paraksts#kas-ir-asic-konteiners,0,1,0%,9
https://www.agrello.io/posts/kas-ir-asic-konteiners-un-xades-paraksts#kas-ir-xades-xml-uzlabotie-elektroniskie-paraksti,0,1,0%,9
https://www.agrello.io/posts/contract-templates-speed-up-business#a-secret-weapon-for-growth-bulk-generation-with-excel,0,1,0%,10
https://www.agrello.io/posts/contract-templates-speed-up-business#the-business-case-quantifying-template-value,0,1,0%,10
https://www.agrello.io/posts/contract-templates-speed-up-business#what-exactly-is-a-contract-template,0,1,0%,10
https://www.agrello.io/post?5c2b1eb3_page=3&b1fee907_page=6,0,1,0%,11
https://www.agrello.io/ee/,0,1,0%,16
https://www.agrello.io/ee/blogi?5d3e723e_page=6&7d7489dc_page=2&d22d0829_page=5,0,1,0%,16
https://www.agrello.io/blog/et?c790c0ca_page=8,0,1,0%,17
https://www.agrello.io/pages/koplietosana,0,1,0%,30
https://www.agrello.io/post/beyond-e-signatures-strategic-collaboration-in-contract-workflows-for-small-business,0,1,0%,36
https://www.agrello.io/blog/et?beb2f1a8_page=4&c790c0ca_page=8,0,1,0%,45
https://www.agrello.io/post?b1fee907_page=11,0,1,0%,54
https://www.agrello.io/topics/e-pidpisi,0,1,0%,68
https://www.agrello.io/ee/blogi?9972f8ff_page=2,0,1,0%,85
https://www.agrello.io/ee/blogi?7d7489dc_page=6,0,1,0%,88
https://www.agrello.io/ee/blogi?9972f8ff_page=5,0,1,0%,95
https://www.agrello.io/ee/blogi?7d7489dc_page=5,0,1,0%,106
https://www.agrello.io/topics/bezpeka-ta-vidpovidnist,0,1,0%,109
https://www.agrello.io/ee/blogi?7d7489dc_page=2&8ca2daa2_page=7,0,1,0%,166
https://www.agrello.io/ee/blogi?5d3e723e_page=3&7d7489dc_page=1&8ca2daa2_page=4,0,1,0%,199